parameter_index,simulation_index,split
1128,4,train
2344,2,train
2519,3,train
1820,2,train
1603,4,train
1737,4,train
1341,4,train
2295,2,train
1899,2,train
2336,3,train
2732,3,train
1637,2,train
2508,2,train
2112,2,train
2549,3,train
2945,3,train
1850,2,train
2029,4,train
1767,4,train
2628,3,train
2325,2,train
2063,2,train
2500,3,train
3058,1,train
2317,3,train
94,2,train
2826,1,train
3005,3,train
2564,1,train
3046,4,train
11,4,train
3442,4,train
2347,3,train
2784,4,train
2481,3,train
3301,1,train
744,3,train
348,3,train
2643,1,train
3039,1,train
45,2,train
482,3,train
3259,4,train
3655,4,train
2560,3,train
778,1,train
3514,1,train
299,3,train
2990,1,train
3076,4,train
2773,3,train
2814,4,train
991,1,train
3768,2,train
774,3,train
3506,2,train
3902,2,train
75,2,train
512,3,train
3289,4,train
3685,4,train
3027,4,train
2765,4,train
1070,1,train
808,1,train
3981,2,train
1028,4,train
3282,1,train
3323,2,train
725,3,train
766,4,train
3061,2,train
463,3,train
3240,4,train
2844,4,train
2978,4,train
625,1,train
3536,2,train
3973,3,train
1375,4,train
979,4,train
3274,2,train
3670,2,train
676,3,train
3453,4,train
3191,4,train
1496,1,train
1275,2,train
972,1,train
576,1,train
1058,4,train
3353,2,train
3749,2,train
359,3,train
3790,3,train
493,3,train
3962,2,train
3566,2,train
4003,3,train
1405,4,train
3741,3,train
747,4,train
1567,2,train
1264,1,train
1701,2,train
1484,4,train
606,1,train
1043,2,train
3820,3,train
826,4,train
3954,3,train
960,4,train
564,4,train
1914,2,train
1518,2,train
1652,2,train
819,1,train
1435,4,train
3771,3,train
777,4,train
1335,2,train
1772,3,train
1032,1,train
1252,4,train
1944,2,train
1985,3,train
2381,3,train
1723,3,train
4018,1,train
1203,4,train
2198,3,train
1802,3,train
2494,1,train
2411,3,train
2452,4,train
1712,2,train
1316,2,train
2311,1,train
2445,1,train
2228,3,train
2665,4,train
2524,1,train
2699,2,train
2441,3,train
2000,1,train
2179,3,train
1783,3,train
2220,4,train
2616,4,train
2737,1,train
2912,2,train
2213,1,train
2695,4,train
1996,3,train
2991,2,train
2688,1,train
3125,2,train
2426,1,train
2030,1,train
293,1,train
427,1,train
3121,4,train
2243,1,train
2680,2,train
2463,4,train
2597,4,train
244,1,train
3417,2,train
423,3,train
3155,2,train
161,3,train
2456,1,train
2893,2,train
2414,4,train
719,1,train
457,1,train
61,1,train
591,1,train
3368,2,train
811,4,train
415,4,train
2669,1,train
2710,2,train
3106,2,train
2493,4,train
2627,4,train
3705,1,train
670,1,train
3488,3,train
408,1,train
3622,3,train
232,4,train
2527,2,train
366,4,train
487,1,train
3701,3,train
621,1,train
662,2,train
3398,2,train
3573,3,train
579,4,train
183,4,train
3869,1,train
875,2,train
479,2,train
4089,4,train
176,1,train
3390,3,train
262,4,train
658,4,train
2953,2,train
396,4,train
3948,1,train
1350,2,train
4082,1,train
3686,1,train
1088,2,train
255,1,train
3906,4,train
692,2,train
3469,3,train
475,4,train
871,4,train
3207,3,train
213,4,train
347,4,train
1167,2,train
1208,3,train
3899,1,train
468,1,train
509,2,train
905,2,train
3682,3,train
643,2,train
3420,3,train
3816,3,train
3554,3,train
560,4,train
1421,3,train
3716,1,train
1118,2,train
722,2,train
1555,3,train
3454,1,train
3936,4,train
4070,4,train
3237,3,train
639,4,train
1851,1,train
1238,3,train
1768,3,train
935,2,train
3667,1,train
3846,3,train
3746,1,train
1585,3,train
3704,4,train
1747,1,train
1664,3,train
1536,3,train
3917,4,train
4051,4,train
2094,1,train
2135,2,train
1832,1,train
1436,1,train
2052,4,train
1219,3,train
1353,3,train
2045,1,train
1649,1,train
1432,3,train
1869,4,train
1566,3,train
2427,2,train
2124,1,train
1728,1,train
2561,2,train
1862,1,train
2344,4,train
1686,4,train
1820,4,train
2640,2,train
2378,2,train
2075,1,train
1679,1,train
2116,2,train
1813,1,train
1899,4,train
2295,4,train
1637,4,train
76,1,train
2591,2,train
2195,2,train
1933,2,train
2112,4,train
1850,4,train
27,1,train
2408,2,train
2105,1,train
2542,2,train
2325,4,train
1884,2,train
2063,4,train
147,2,train
2621,2,train
3058,3,train
1963,2,train
2097,2,train
3092,1,train
57,1,train
98,2,train
2572,2,train
2176,2,train
2613,3,train
573,2,train
177,2,train
311,2,train
94,4,train
2826,3,train
2564,3,train
786,2,train
390,2,train
3122,1,train
87,1,train
128,2,train
2860,1,train
3301,3,train
3342,4,train
2602,2,train
2643,3,train
3039,3,train
45,4,train
3080,4,train
603,2,train
644,3,train
341,2,train
778,3,train
2990,3,train
1074,1,train
3810,1,train
3851,2,train
3548,1,train
3152,1,train
991,3,train
158,2,train
3372,4,train
3768,4,train
3506,4,train
75,4,train
4064,2,train
1070,3,train
808,3,train
3103,1,train
3499,1,train
3981,4,train
3282,3,train
3323,4,train
3061,4,train
1500,1,train
1104,1,train
842,1,train
3578,1,train
3619,2,train
625,3,train
1062,4,train
3753,2,train
322,2,train
3536,4,train
3670,4,train
3274,4,train
3832,2,train
1275,4,train
3570,2,train
3966,2,train
972,3,train
576,3,train
3353,4,train
3749,4,train
1571,2,train
3649,2,train
1092,4,train
3783,2,train
393,3,train
3566,4,train
1347,1,train
1481,1,train
1085,1,train
1567,4,train
3862,2,train
1701,4,train
823,1,train
3600,2,train
606,3,train
1043,4,train
3734,2,train
1560,1,train
1997,2,train
1298,1,train
902,1,train
1735,2,train
1518,4,train
819,3,train
2210,2,train
1814,2,train
1511,1,train
1115,1,train
1552,2,train
1249,1,train
1335,4,train
4067,3,train
1032,3,train
2027,2,train
1765,2,train
1369,2,train
4018,3,train
2240,2,train
1978,2,train
2019,3,train
1716,2,train
2494,3,train
1399,2,train
1929,2,train
1316,4,train
2528,1,train
2311,3,train
2445,3,train
1612,2,train
2049,3,train
1787,3,train
2607,1,train
3137,1,train
2741,1,train
2524,3,train
2699,4,train
2000,3,train
2995,2,train
1,3,train
2296,1,train
2737,3,train
2778,4,train
2912,4,train
2213,3,train
1817,3,train
3033,1,train
3167,1,train
3208,2,train
2509,1,train
2991,4,train
2688,3,train
3125,4,train
2426,3,train
2030,3,train
293,3,train
3421,2,train
427,3,train
2722,1,train
2808,4,train
2546,4,train
2243,3,train
2680,4,train
2801,1,train
3238,2,train
244,3,train
2539,1,train
2935,1,train
2976,2,train
3155,4,train
3417,4,train
2456,3,train
2893,4,train
540,1,train
719,3,train
3451,2,train
3055,2,train
457,3,train
61,3,train
498,4,train
3189,2,train
2576,4,train
3106,4,train
2710,4,train
753,1,train
887,1,train
491,1,train
3268,2,train
3664,2,train
670,3,train
2965,1,train
3705,3,train
408,3,train
2744,2,train
2527,4,train
570,1,train
308,1,train
3481,2,train
487,3,train
3219,2,train
662,4,train
2957,2,train
783,1,train
521,1,train
655,1,train
3869,3,train
259,1,train
3036,2,train
3473,3,train
875,4,train
479,4,train
3170,2,train
176,3,train
2953,4,train
734,1,train
338,1,train
3948,3,train
4082,3,train
558,4,train
3686,3,train
1088,4,train
255,3,train
692,4,train
3383,2,train
1250,2,train
3982,1,train
947,1,train
551,1,train
988,2,train
685,1,train
1167,4,train
3462,2,train
3503,3,train
468,3,train
509,4,train
905,4,train
3241,3,train
643,4,train
247,4,train
3899,3,train
764,1,train
1201,2,train
3933,1,train
939,2,train
3716,3,train
722,4,train
3454,3,train
1676,2,train
4012,1,train
1851,3,train
1018,2,train
1455,3,train
3750,1,train
1152,2,train
756,2,train
935,4,train
3667,3,train
1231,2,train
3963,1,train
969,2,train
3746,3,train
3921,4,train
1747,3,train
4042,1,train
1485,3,train
1182,2,train
2043,1,train
2177,1,train
1915,1,train
2094,3,train
2135,4,train
1832,3,train
1436,3,train
2390,1,train
1994,1,train
2128,1,train
1732,1,train
2214,4,train
1515,3,train
1649,3,train
2207,1,train
1945,1,train
2427,4,train
2124,3,train
1728,3,train
2561,4,train
1862,3,train
1903,4,train
2158,1,train
1762,1,train
2640,4,train
1896,1,train
2378,4,train
1679,3,train
2116,4,train
76,3,train
2371,1,train
2412,2,train
2591,4,train
2195,4,train
1933,4,train
1671,4,train
2887,2,train
2491,2,train
2625,2,train
1792,1,train
2408,4,train
2542,4,train
1884,4,train
189,1,train
147,4,train
2838,2,train
2879,3,train
2621,4,train
2180,2,train
1963,4,train
2097,4,train
2917,2,train
2655,2,train
3092,3,train
98,4,train
2572,4,train
2176,4,train
3388,1,train
353,1,train
91,1,train
177,4,train
573,4,train
2909,3,train
311,4,train
2606,2,train
473,2,train
3601,1,train
607,2,train
390,4,train
3122,3,train
128,4,train
2819,2,train
2860,3,train
686,2,train
3156,1,train
603,4,train
341,4,train
2677,3,train
4027,1,train
3631,1,train
637,2,train
1074,3,train
3851,4,train
771,2,train
375,2,train
3152,3,train
3548,3,train
158,4,train
3844,1,train
3448,1,train
3885,2,train
454,2,train
891,3,train
4064,4,train
588,2,train
192,2,train
3103,3,train
1500,3,train
1104,3,train
3399,1,train
3795,1,train
842,3,train
3578,3,train
3619,4,train
3753,4,train
3357,4,train
322,4,train
1138,1,train
3874,1,train
4049,2,train
3216,1,train
3832,4,train
3966,4,train
3570,4,train
1613,1,train
1351,1,train
1571,4,train
3429,1,train
3825,1,train
831,2,train
3649,4,train
3783,4,train
1826,1,train
1564,1,train
1168,1,train
1347,3,train
4079,2,train
1085,3,train
689,3,train
3862,4,train
823,3,train
3600,4,train
3734,4,train
2039,1,train
1381,1,train
1560,3,train
1997,4,train
1298,3,train
902,3,train
1735,4,train
1856,1,train
1594,1,train
2031,2,train
1332,1,train
1418,4,train
1814,4,train
1115,3,train
1552,4,train
1249,3,train
2110,2,train
1807,1,train
1411,1,train
1848,2,train
2244,2,train
2027,4,train
1765,4,train
1369,4,train
1107,4,train
2323,2,train
1927,2,train
1624,1,train
1978,4,train
1716,4,train
2536,2,train
1878,2,train
2315,3,train
1399,4,train
2528,3,train
2225,2,train
1829,2,train
1612,4,train
2607,3,train
2304,2,train
2741,3,train
2042,2,train
3037,1,train
2995,4,train
2255,2,train
2296,3,train
3250,1,train
2854,1,train
3033,3,train
2592,1,train
3208,4,train
2375,3,train
2509,3,train
3463,1,train
3067,1,train
73,2,train
2805,1,train
207,2,train
3421,4,train
2722,3,train
3280,1,train
286,2,train
327,3,train
2622,1,train
24,2,train
2801,3,train
3238,4,train
2539,3,train
2976,4,train
3097,1,train
540,3,train
2969,1,train
2573,1,train
3055,4,train
3451,4,train
3189,4,train
836,1,train
574,1,train
753,3,train
3485,2,train
357,3,train
2652,1,train
3048,1,train
2786,1,train
54,2,train
95,3,train
491,3,train
3268,4,train
2744,4,train
1049,1,train
787,1,train
3960,2,train
570,3,train
308,3,train
2999,1,train
3481,4,train
3219,4,train
2823,4,train
2957,4,train
604,1,train
3777,2,train
783,3,train
3515,2,train
3911,2,train
521,3,train
125,3,train
655,3,train
259,3,train
3036,4,train
3170,4,train
1475,1,train
1079,1,train
1213,1,train
4031,3,train
951,1,train
3728,2,train
3769,3,train
3332,2,train
734,3,train
338,3,train
775,4,train
3070,2,train
3466,2,train
1333,2,train
1030,1,train
1467,2,train
1250,4,train
3545,2,train
3982,3,train
551,3,train
988,4,train
3679,2,train
685,3,train
3462,4,train
1546,2,train
1680,2,train
981,1,train
1022,2,train
3758,2,train
764,3,train
1201,4,train
3933,3,train
939,4,train
543,4,train
1759,2,train
1497,2,train
798,1,train
4012,3,train
1018,4,train
3750,3,train
1152,4,train
756,4,train
1972,2,train
4046,1,train
3829,3,train
1231,4,train
3963,3,train
969,4,train
1527,2,train
1661,2,train
1265,2,train
4042,3,train
1182,4,train
2260,1,train
2043,3,train
2177,3,train
1478,2,train
1082,2,train
1915,3,train
2211,1,train
2390,3,train
1994,3,train
1691,2,train
1295,2,train
1732,3,train
2128,3,train
2686,1,train
2290,1,train
2207,3,train
1811,3,train
1945,3,train
2503,1,train
2637,1,train
1979,1,train
1721,2,train
1762,3,train
2158,3,train
1896,3,train
2716,1,train
2454,1,train
2412,4,train
193,1,train
2929,1,train
2970,2,train
2667,1,train
2271,1,train
2708,2,train
2887,4,train
2491,4,train
2625,4,train
1792,3,train
1967,4,train
406,1,train
189,3,train
2484,1,train
2088,1,train
2921,2,train
3317,2,train
2838,4,train
2180,4,train
223,1,train
2697,1,train
2738,2,train
181,4,train
2476,2,train
2917,4,train
2655,4,train
2259,4,train
436,1,train
40,1,train
174,1,train
2951,2,train
3388,3,train
91,3,train
2606,4,train
3684,1,train
253,1,train
690,2,train
3467,3,train
473,4,train
3205,3,train
3601,3,train
607,4,train
2902,2,train
2506,2,train
466,1,train
70,1,train
903,2,train
686,4,train
2981,2,train
3377,2,train
3115,2,train
2719,2,train
3156,3,train
720,2,train
417,1,train
3631,3,train
637,4,train
241,4,train
2932,2,train
375,4,train
3927,1,train
1329,2,train
3665,1,train
1067,2,train
3844,3,train
3448,3,train
3885,4,train
454,4,train
3145,2,train
588,4,train
192,4,train
3744,1,train
1146,2,train
750,2,train
1187,3,train
3964,4,train
488,2,train
3399,3,train
9,4,train
1138,3,train
3874,3,train
4049,4,train
3216,3,train
1613,3,train
1217,3,train
1351,3,train
3646,1,train
3429,3,train
1826,3,train
1127,2,train
731,2,train
1168,3,train
1564,3,train
865,2,train
906,3,train
4079,4,train
1860,1,train
3938,1,train
944,2,train
1381,3,train
2073,1,train
1677,1,train
1856,3,train
1415,1,train
1594,3,train
2031,4,train
1332,3,train
936,3,train
2152,1,train
1890,1,train
1494,1,train
1628,1,train
2110,4,train
2244,4,train
1411,3,train
1848,4,train
2144,2,train
1841,1,train
1445,1,train
1927,4,train
2323,4,train
1624,3,train
2753,2,train
1920,1,train
1878,4,train
2012,4,train
2133,1,train
1871,1,train
2308,2,train
1695,4,train
1829,4,train
1433,4,train
6,1,train
2387,2,train
2304,4,train
2042,4,train
85,1,train
3037,3,train
2641,3,train
2076,2,train
339,2,train
3250,3,train
2854,3,train
2155,2,train
2592,3,train
3150,1,train
115,1,train
3284,1,train
290,2,train
3067,3,train
2671,3,train
73,4,train
2805,3,train
765,2,train
503,2,train
3280,3,train
286,4,train
2581,2,train
2622,3,train
3059,4,train
24,4,train
3576,1,train
3180,1,train
582,2,train
623,3,train
3314,1,train
320,2,train
3097,3,train
2969,3,train
2573,3,train
795,2,train
836,3,train
3131,1,train
137,2,train
574,3,train
3747,4,train
3485,4,train
3048,3,train
2652,3,train
54,4,train
2786,3,train
1266,1,train
1049,3,train
653,3,train
2948,1,train
3344,1,train
787,3,train
3082,1,train
3478,1,train
3781,2,train
88,2,train
3960,4,train
2999,3,train
3994,2,train
3598,2,train
563,2,train
604,3,train
1041,4,train
3295,1,train
301,2,train
3515,4,train
3119,4,train
3777,4,train
1162,1,train
900,1,train
4073,2,train
1079,3,train
951,3,train
3728,4,train
3332,4,train
3466,4,train
3070,4,train
1247,1,train
1333,4,train
3628,2,train
4024,2,train
1030,3,train
1467,4,train
3545,4,train
1763,2,train
930,1,train
1546,4,train
3841,2,train
1064,1,train
1680,4,train
3975,2,train
981,3,train
1022,4,train
3758,4,train
1539,1,train
1143,1,train
1580,2,train
1976,2,train
1759,4,train
1497,4,train
3792,2,train
798,3,train
2189,2,train
1793,2,train
1490,1,train
1094,1,train
1228,1,train
4005,2,train
4046,3,train
1610,2,train
1307,1,train
1348,2,train
1527,4,train
1265,4,train
869,4,train
2219,2,train
1823,2,train
2260,3,train
1478,4,train
1082,4,train
2077,3,train
2211,3,train
1295,4,train
2507,1,train
2686,3,train
2290,3,train
1987,2,train
2720,1,train
2503,3,train
2107,3,train
2637,3,train
1804,2,train
1979,3,train
2933,1,train
2716,3,train
2275,1,train
2017,2,train
2454,3,train
2495,4,train
2750,1,train
193,3,train
2488,1,train
2970,4,train
2667,3,train
2271,3,train
2708,4,train
3400,2,train
3004,2,train
406,3,train
2701,1,train
2305,1,train
2484,3,train
2088,3,train
2921,4,train
3613,2,train
2780,1,train
3217,2,train
223,3,train
2518,1,train
2738,4,train
2476,4,train
519,1,train
257,1,train
3430,2,train
436,3,train
40,3,train
477,4,train
2335,1,train
174,3,train
2951,4,train
2772,2,train
2731,1,train
3168,2,train
732,1,train
470,1,train
3247,2,train
3684,3,train
253,3,train
690,4,train
2985,2,train
3381,2,train
2902,4,train
2506,4,train
287,1,train
3460,2,train
466,3,train
70,3,train
903,4,train
2761,1,train
2981,4,train
2719,4,train
896,1,train
3673,2,train
720,4,train
417,3,train
2932,4,train
975,1,train
1016,2,train
713,1,train
3927,3,train
451,1,train
537,4,train
3665,3,train
3362,2,train
926,1,train
967,2,train
1363,2,train
3744,3,train
664,1,train
750,4,train
1146,4,train
3441,2,train
488,4,train
4040,1,train
1442,2,train
1046,2,train
1180,2,train
1259,2,train
997,2,train
1434,3,train
3729,1,train
1131,2,train
3949,4,train
3646,3,train
814,2,train
3942,1,train
731,4,train
865,4,train
4021,1,train
1860,3,train
1027,2,train
3759,1,train
1161,2,train
1202,3,train
3938,3,train
944,4,train
2022,1,train
2156,1,train
2073,3,train
1677,3,train
1415,3,train
2152,3,train
1711,1,train
1890,3,train
1494,3,train
1931,4,train
1628,3,train
4009,4,train
2448,1,train
2320,1,train
2144,4,train
1841,3,train
1445,3,train
2399,1,train
2003,1,train
2440,2,train
2223,4,train
1920,3,train
1961,4,train
1954,1,train
1871,3,train
2308,4,train
2470,2,train
2167,1,train
1771,1,train
2604,2,train
2387,4,train
1991,4,train
302,1,train
3079,2,train
2380,1,train
2421,2,train
2159,2,train
2076,4,train
381,1,train
339,4,train
2634,2,train
2238,2,train
2372,2,train
2155,4,train
198,1,train
332,1,train
373,2,train
3109,2,train
3150,3,train
2847,2,train
2888,3,train
3284,3,train
290,4,train
2585,2,train
3446,1,train
3580,1,train
586,2,train
2664,2,train
3397,1,train
362,1,train
799,2,train
3180,3,train
3576,3,train
582,4,train
3314,3,train
2918,3,train
320,4,train
2656,3,train
3872,1,train
3476,1,train
878,2,train
3610,1,train
4006,1,train
179,1,train
220,2,train
616,2,train
3348,1,train
354,2,train
3131,3,train
137,4,train
4085,1,train
1091,2,train
1266,3,train
3561,1,train
567,2,train
3344,3,train
2948,3,train
3385,4,train
3781,4,train
3082,3,train
88,4,train
4036,1,train
3640,1,train
3774,1,train
780,2,train
3994,4,train
3598,4,train
3295,3,train
301,4,train
1379,1,train
1162,3,train
3894,2,train
859,2,train
900,3,train
3195,1,train
3591,1,train
597,2,train
201,2,train
3415,4,train
3811,4,train
4073,4,train
1330,1,train
3804,1,train
3408,1,train
1247,3,train
4024,4,train
3628,4,train
1805,1,train
1409,1,train
1543,1,train
1763,4,train
930,3,train
4058,2,train
627,2,train
668,3,train
1064,3,train
3841,4,train
3975,4,train
1622,1,train
1360,1,train
1539,3,train
1143,3,train
1580,4,train
1976,4,train
3792,4,train
1876,2,train
1793,4,train
915,1,train
1397,4,train
4088,2,train
1094,3,train
4005,4,train
2089,2,train
1786,1,train
1827,2,train
1524,1,train
1128,1,train
1610,4,train
1307,3,train
1348,4,train
1086,4,train
2302,2,train
1906,2,train
1603,1,train
1207,1,train
1341,1,train
1823,4,train
2253,2,train
2294,3,train
2507,3,train
1674,2,train
1808,2,train
2283,2,train
1887,2,train
2324,3,train
2720,3,train
2021,2,train
1625,2,train
1804,4,train
22,2,train
2933,3,train
2275,3,train
235,2,train
2313,2,train
2354,3,train
2750,3,train
2051,2,train
2488,3,train
314,2,train
3046,1,train
3442,1,train
2784,1,train
186,2,train
3400,4,train
3004,4,train
2264,2,train
2305,3,train
2701,3,train
3259,1,train
2863,1,train
3300,2,train
306,3,train
3083,4,train
2780,3,train
3217,4,train
2518,3,train
2122,3,train
3076,1,train
3513,2,train
82,2,train
519,3,train
2814,1,train
216,2,train
257,3,train
2552,1,train
3430,4,train
2731,3,train
2335,3,train
2772,4,train
3168,4,train
553,1,train
3289,1,train
3330,2,train
295,2,train
732,3,train
2631,1,train
3027,1,train
470,3,train
2765,1,train
2851,4,train
3247,4,train
3381,4,train
2985,4,train
3464,2,train
1028,1,train
766,1,train
3543,2,train
3939,2,train
3240,1,train
2844,1,train
287,3,train
2978,1,train
3460,4,train
2761,3,train
845,1,train
979,1,train
803,4,train
3494,2,train
104,3,train
1058,1,train
975,3,train
534,1,train
1016,4,train
3311,2,train
713,3,train
3707,2,train
3049,2,train
3748,3,train
451,3,train
1446,2,train
747,1,train
1363,4,train
967,4,train
134,3,train
3262,2,train
3658,2,train
3441,4,train
1659,2,train
826,1,train
1263,2,train
4040,3,train
960,1,train
564,1,train
1046,4,train
1442,4,train
1180,4,train
3778,3,train
1738,2,train
1342,2,train
1476,2,train
777,1,train
1259,4,train
997,4,train
3688,2,train
3729,3,train
1131,4,train
1951,2,train
1252,1,train
1689,2,train
4025,1,train
814,4,train
3942,3,train
1506,2,train
1640,2,train
1244,2,train
4021,3,train
1027,4,train
3759,3,train
1161,4,train
2022,3,train
2156,3,train
1323,2,train
4055,1,train
2452,1,train
1670,2,train
1711,3,train
2665,1,train
2448,3,train
2007,1,train
1487,2,train
1528,3,train
2616,1,train
2220,1,train
2399,3,train
2003,3,train
2440,4,train
2695,1,train
2736,2,train
2037,1,train
1954,3,train
1558,3,train
2949,2,train
2687,2,train
2470,4,train
2167,3,train
1771,3,train
2604,4,train
2766,2,train
2463,1,train
2287,4,train
2421,4,train
2159,4,train
3375,2,train
381,3,train
3113,2,train
2414,1,train
2455,2,train
2634,4,train
2238,4,train
2372,4,train
281,1,train
415,1,train
3192,2,train
198,3,train
239,4,train
2493,1,train
3326,2,train
373,4,train
2668,2,train
2847,4,train
2585,4,train
232,1,train
669,2,train
3446,3,train
366,1,train
3143,2,train
3580,3,train
586,4,train
2485,2,train
2664,4,train
882,2,train
49,1,train
183,1,train
269,4,train
2960,2,train
799,4,train
3094,2,train
2698,2,train
3397,3,train
4089,1,train
658,1,train
3872,3,train
262,1,train
699,2,train
1095,2,train
396,1,train
437,2,train
878,4,train
3610,3,train
179,3,train
220,4,train
616,4,train
2911,2,train
354,4,train
3348,3,train
3906,1,train
475,1,train
912,2,train
4085,3,train
213,1,train
650,2,train
347,1,train
3561,3,train
567,4,train
3723,1,train
729,2,train
1166,3,train
3461,1,train
863,2,train
467,2,train
3244,3,train
3640,3,train
3936,1,train
1379,3,train
4070,1,train
3894,4,train
3591,3,train
3195,3,train
3632,4,train
597,4,train
201,4,train
1196,3,train
893,2,train
497,2,train
1330,3,train
3408,3,train
1805,3,train
1409,3,train
3704,1,train
1543,3,train
710,2,train
844,2,train
4058,4,train
627,4,train
1705,1,train
1443,1,train
1622,3,train
1226,3,train
3917,1,train
923,2,train
964,3,train
1360,3,train
2052,1,train
1876,4,train
3909,2,train
915,3,train
4088,4,train
1869,1,train
1473,1,train
2089,4,train
1827,4,train
1524,3,train
1128,3,train
2344,1,train
2519,2,train
1686,1,train
1820,1,train
1906,4,train
2302,4,train
1603,3,train
1207,3,train
1644,4,train
1341,3,train
2202,2,train
2732,2,train
1899,1,train
1503,1,train
2336,2,train
1637,1,train
2253,4,train
2415,2,train
2112,1,train
2153,2,train
2549,2,train
2590,3,train
1850,1,train
1891,2,train
1674,4,train
1808,4,train
1412,4,train
2628,2,train
2500,2,train
2104,2,train
2283,4,train
1887,4,train
2021,4,train
1625,4,train
22,4,train
2317,2,train
1921,2,train
235,4,train
2134,2,train
2313,4,train
2051,4,train
3129,1,train
94,1,train
2867,1,train
314,4,train
3046,3,train
2650,3,train
2347,2,train
2784,3,train
3342,1,train
348,2,train
3080,1,train
482,2,train
86,2,train
2863,3,train
3259,3,train
3300,4,train
2560,2,train
2897,1,train
299,2,train
3076,3,train
3513,4,train
82,4,train
2814,3,train
2552,3,train
3768,1,train
3372,1,train
3506,1,train
512,2,train
3726,4,train
553,3,train
2848,1,train
3289,3,train
295,4,train
3027,3,train
2631,3,train
3068,4,train
2765,3,train
3330,4,train
3464,4,train
849,1,train
1028,3,train
632,3,train
2927,1,train
3323,1,train
766,3,train
3061,1,train
3543,4,train
3939,4,train
2844,3,train
2978,3,train
1062,1,train
3839,2,train
845,3,train
3536,1,train
3973,2,train
979,3,train
146,2,train
3274,1,train
3494,4,train
2836,4,train
1275,1,train
3656,2,train
1058,3,train
3353,1,train
3790,2,train
359,2,train
3528,2,train
534,3,train
3311,4,train
3707,4,train
3049,4,train
1092,1,train
4003,2,train
3566,1,train
3607,2,train
1446,4,train
3741,2,train
747,3,train
3128,4,train
3262,4,train
1567,1,train
909,1,train
1043,1,train
3820,2,train
1659,4,train
826,3,train
1263,4,train
3558,2,train
960,3,train
564,3,train
3954,2,train
1518,1,train
1738,4,train
1342,4,train
4074,3,train
1476,4,train
1080,4,train
3771,2,train
777,3,train
1638,2,train
1335,1,train
1772,2,train
1689,4,train
4025,3,train
1985,2,train
1723,2,train
890,1,train
1327,2,train
1506,4,train
1244,4,train
2198,2,train
1802,2,train
1323,4,train
4055,3,train
2452,3,train
1316,1,train
2665,3,train
2007,3,train
1487,4,train
2699,1,train
2086,3,train
1783,2,train
2220,3,train
2778,1,train
2912,1,train
2695,3,train
2736,4,train
1996,2,train
2037,3,train
2474,4,train
2991,1,train
2595,1,train
2949,4,train
2687,4,train
2808,1,train
2546,1,train
2983,2,train
2680,1,train
2284,1,train
2766,4,train
2463,3,train
3196,2,train
2363,1,train
2893,1,train
3375,4,train
3113,4,train
2414,3,train
2455,4,train
498,1,train
281,3,train
2576,1,train
3013,2,train
415,3,train
2710,1,train
2314,1,train
2751,2,train
3192,4,train
2493,3,train
2668,4,train
3488,2,train
3622,2,train
3226,2,train
232,3,train
669,4,train
2527,1,train
366,3,train
3143,4,train
2485,4,train
3701,2,train
662,1,train
3043,2,train
882,4,train
49,3,train
2781,2,train
183,3,train
2960,4,train
2698,4,train
875,1,train
479,1,train
4089,3,train
1095,4,train
262,3,train
699,4,train
3390,2,train
396,3,train
437,4,train
2911,4,train
3989,1,train
558,1,train
995,2,train
3772,3,train
692,1,train
733,2,train
3469,2,train
3906,3,train
475,3,train
34,1,train
516,4,train
912,4,train
213,3,train
650,4,train
2811,2,train
3207,2,train
1208,2,train
3940,1,train
509,1,train
946,2,train
3682,2,train
643,1,train
247,1,train
729,4,train
3420,2,train
863,4,train
467,4,train
3461,3,train
3723,3,train
4019,1,train
1421,2,train
722,1,train
763,2,train
3540,3,train
3936,3,train
4070,3,train
3237,2,train
284,4,train
1238,2,train
3970,1,train
976,2,train
714,2,train
3928,4,train
893,4,train
497,4,train
793,2,train
3921,1,train
3704,3,train
710,4,train
844,4,train
1922,1,train
1664,2,train
1705,3,train
4000,1,train
1443,3,train
3738,1,train
3917,3,train
3958,4,train
923,4,train
2135,1,train
1522,3,train
3817,1,train
2052,3,train
1219,2,train
3909,4,train
2214,1,train
1952,1,train
1690,1,train
1432,2,train
1473,3,train
1869,3,train
1211,3,train
3988,4,train
2427,1,train
1769,1,train
1903,1,train
2519,4,train
1686,3,train
1820,3,train
2640,1,train
2378,1,train
2116,1,train
2202,4,train
1899,3,train
1503,3,train
1940,4,train
2336,4,train
1637,3,train
2195,1,train
1933,1,train
2415,4,train
2549,4,train
1671,1,train
2153,4,train
1850,3,train
1891,4,train
2408,1,train
2449,2,train
2628,4,train
1884,1,train
1970,4,train
2104,4,train
147,1,train
3058,2,train
1963,1,train
2400,2,train
2097,1,train
2183,4,train
2317,4,train
1921,4,train
98,1,train
2479,2,train
2176,1,train
2613,2,train
2134,4,train
177,1,train
311,1,train
3129,3,train
2826,2,train
2867,3,train
2564,2,train
2347,4,train
390,1,train
128,1,train
169,2,train
3342,3,train
348,4,train
2643,2,train
3080,3,train
86,4,train
644,2,train
778,2,train
382,2,train
2897,3,train
299,4,train
3851,1,train
3455,1,train
158,1,train
3372,3,train
3506,3,train
2848,3,train
4064,1,train
1070,2,train
3843,2,train
3406,1,train
808,2,train
849,3,train
3626,4,train
3323,3,train
2927,3,train
3364,4,train
3061,3,train
3619,1,train
625,2,train
1062,3,train
3357,1,train
3753,1,train
3536,3,train
3839,4,train
3973,4,train
146,4,train
3274,3,train
3832,1,train
3436,1,train
3873,2,train
1275,3,train
442,2,train
3174,1,train
3570,1,train
576,2,train
180,2,train
3353,3,train
3394,4,train
359,4,train
3528,4,train
3656,4,train
3790,4,train
1571,1,train
3649,1,train
1092,3,train
3783,1,train
393,2,train
3607,4,train
4003,4,train
3741,4,train
1567,3,train
1126,1,train
3862,1,train
3903,2,train
909,3,train
3600,1,train
606,2,train
647,3,train
1043,3,train
3820,4,train
3558,4,train
1735,1,train
3854,2,train
3771,4,train
1814,1,train
1418,1,train
1552,1,train
1638,4,train
1335,3,train
1772,4,train
3671,2,train
4067,2,train
677,3,train
2068,2,train
1765,1,train
1369,1,train
1985,4,train
1107,1,train
1723,4,train
890,3,train
1327,4,train
4018,2,train
1885,2,train
2019,2,train
1186,1,train
1802,4,train
2494,2,train
2098,2,train
1399,1,train
1836,2,train
1316,3,train
2311,2,train
1612,1,train
1653,2,train
2049,2,train
1787,2,train
1174,4,train
2524,2,train
2699,3,train
1866,2,train
2000,2,train
1604,2,train
1783,4,train
2995,1,train
1,2,train
2778,3,train
2912,3,train
1683,2,train
2213,2,train
1817,2,train
80,2,train
2812,1,train
3208,1,train
2991,3,train
2595,3,train
2770,4,train
2030,2,train
2071,3,train
293,2,train
3421,1,train
2808,3,train
2546,3,train
2983,4,train
2680,3,train
2284,3,train
3238,1,train
2842,1,train
244,2,train
2976,1,train
2580,1,train
3196,4,train
2363,3,train
3055,1,train
3492,2,train
61,2,train
498,3,train
3189,1,train
2576,3,train
3013,4,train
2710,3,train
2314,3,train
2751,4,train
3705,2,train
3268,1,train
3309,2,train
3488,4,train
2744,1,train
2830,4,train
3226,4,train
2527,3,train
3522,2,train
3219,1,train
2823,1,train
3260,2,train
662,3,train
2957,1,train
3043,4,train
3701,4,train
2781,4,train
824,1,train
3036,1,train
3473,2,train
479,3,train
83,3,train
775,1,train
3552,2,train
3948,2,train
3989,3,train
3686,2,train
558,3,train
995,4,train
3290,2,train
692,3,train
733,4,train
3028,2,train
3469,4,train
34,3,train
2811,4,train
3207,4,train
1250,1,train
854,1,train
988,1,train
592,1,train
1208,4,train
330,1,train
812,4,train
3503,2,train
509,3,train
946,4,train
3241,2,train
3940,3,train
247,3,train
1201,1,train
1242,2,train
4019,3,train
939,1,train
543,1,train
1421,4,train
3320,2,train
722,3,train
763,4,train
3454,2,train
3716,2,train
3237,4,train
1018,1,train
622,1,train
1059,2,train
1455,2,train
756,1,train
1238,4,train
3970,3,train
976,4,train
3667,2,train
714,4,train
1534,2,train
1231,1,train
4004,1,train
969,1,train
1010,2,train
3746,2,train
3787,3,train
793,4,train
3921,3,train
531,4,train
1747,2,train
1485,2,train
1922,3,train
4000,3,train
3738,3,train
2135,3,train
1302,2,train
1739,3,train
1436,2,train
1040,2,train
3817,3,train
1219,4,train
2214,3,train
1515,2,train
1952,3,train
1649,2,train
1690,3,train
2248,1,train
2427,3,train
1728,2,train
1769,3,train
1903,3,train
2378,3,train
2116,3,train
2278,1,train
2412,1,train
2016,1,train
2195,3,train
2236,4,train
1933,3,train
1537,3,train
1671,3,train
2491,1,train
2625,1,train
2408,3,train
1967,1,train
2449,4,train
1884,3,train
2745,2,train
147,3,train
2879,2,train
2046,1,train
2180,1,train
1963,3,train
2400,4,train
181,1,train
2655,1,train
2259,1,train
3092,2,train
98,3,train
2479,4,train
2176,3,train
2613,4,train
1955,4,train
260,1,train
177,3,train
2909,2,train
2826,4,train
2564,4,train
473,1,train
607,1,train
390,3,train
3122,2,train
2726,2,train
128,3,train
169,4,train
2464,2,train
2860,2,train
2643,4,train
686,1,train
644,4,train
2543,2,train
778,4,train
382,4,train
2677,2,train
3672,1,train
637,1,train
241,1,train
1074,2,train
3455,3,train
375,1,train
3152,2,train
2756,2,train
3193,3,train
158,3,train
3851,3,train
757,2,train
3885,1,train
454,1,train
891,2,train
192,1,train
3406,3,train
3843,4,train
3103,2,train
3964,1,train
3702,1,train
1104,2,train
708,2,train
3922,4,train
1145,3,train
842,2,train
9,1,train
446,2,train
3223,3,train
625,4,train
3357,3,train
2961,3,train
3440,1,train
3619,3,train
4049,1,train
525,2,train
3832,3,train
3436,3,train
3873,4,train
442,4,train
3174,3,train
3570,3,train
576,4,train
180,4,train
1571,3,train
738,2,train
3470,1,train
476,2,train
913,3,train
3649,3,train
393,4,train
4079,1,train
1085,2,train
689,2,train
1126,3,train
3862,3,train
823,2,train
3600,3,train
3903,4,train
606,4,train
1422,1,train
902,2,train
943,3,train
3720,4,train
3854,4,train
2031,1,train
1814,3,train
1418,3,train
1552,3,train
3888,2,train
4067,4,train
3671,4,train
2110,1,train
1714,1,train
1848,1,train
2068,4,train
1369,3,train
1107,3,train
4018,4,train
1927,1,train
2102,2,train
1403,1,train
1885,4,train
2019,4,train
1186,3,train
2181,2,train
1878,1,train
2315,2,train
2098,4,train
1220,1,train
1702,4,train
1399,3,train
1836,4,train
2528,2,train
1695,1,train
2132,2,train
1829,1,train
1433,1,train
1870,2,train
2311,4,train
1612,3,train
1653,4,train
2049,4,train
1787,4,train
2607,2,train
1866,4,train
2000,4,train
1604,4,train
2995,3,train
1,4,train
2296,2,train
1683,4,train
1817,4,train
80,4,train
2375,2,train
2812,3,train
3208,3,train
2509,2,train
2113,2,train
2030,4,train
3108,1,train
73,1,train
114,2,train
293,4,train
2629,3,train
2367,3,train
3187,1,train
327,2,train
3059,1,train
65,2,train
2842,3,train
3238,3,train
2539,2,train
2580,3,train
2976,3,train
3138,1,train
540,2,train
144,2,train
2876,1,train
3055,3,train
2659,3,train
3492,4,train
61,4,train
2397,3,train
3747,1,train
357,2,train
3485,1,train
491,2,train
95,2,train
3268,3,train
3309,4,train
3705,4,train
3047,4,train
2744,3,train
2906,1,train
308,2,train
349,3,train
3522,4,train
2823,3,train
3260,4,train
2957,3,train
1041,1,train
3777,1,train
824,3,train
3119,1,train
3515,1,train
521,2,train
125,2,train
2857,1,train
3556,2,train
259,2,train
3036,3,train
3077,4,train
3473,4,train
2815,4,train
1120,1,train
858,1,train
4031,2,train
3769,2,train
3332,1,train
338,2,train
775,3,train
3070,1,train
3552,4,train
3686,4,train
3290,4,train
3028,4,train
1333,1,train
1467,1,train
1250,3,train
854,3,train
3545,1,train
3586,2,train
551,2,train
592,3,train
988,3,train
3324,2,train
3982,2,train
330,3,train
3503,4,train
3241,4,train
1546,1,train
888,1,train
1022,1,train
1242,4,train
409,3,train
3933,2,train
939,3,train
543,3,train
3320,4,train
3716,4,train
3537,2,train
3454,4,train
1759,1,train
1497,1,train
4012,2,train
3616,2,train
1018,3,train
622,3,train
1059,4,train
1455,4,train
756,3,train
3750,2,train
918,1,train
1534,4,train
656,1,train
3829,2,train
3963,2,train
4004,3,train
1010,4,train
3746,4,train
1830,2,train
1527,1,train
1568,2,train
1265,1,train
869,1,train
1747,4,train
4042,2,train
1485,4,train
2043,2,train
1915,2,train
1082,1,train
1519,2,train
1302,4,train
1436,4,train
1040,4,train
1994,2,train
1598,2,train
1295,1,train
1336,2,train
1732,2,train
1515,4,train
1811,2,train
2248,3,train
1945,2,train
1549,2,train
2065,3,train
1762,2,train
2495,1,train
2278,3,train
2412,3,train
2016,3,train
2970,1,train
2574,1,train
2708,1,train
2312,1,train
2491,3,train
1792,2,train
1833,3,train
1967,3,train
2921,1,train
2263,1,train
2745,4,train
2879,4,train
2046,3,train
2180,3,train
264,1,train
47,3,train
2738,1,train
181,3,train
2476,1,train
3092,4,train
2259,3,train
477,1,train
260,3,train
2951,1,train
3388,2,train
2293,1,train
2909,4,train
2513,4,train
690,1,train
3467,2,train
473,3,train
3205,2,train
3601,2,train
2506,1,train
3122,4,train
2726,4,train
2860,4,train
2464,4,train
903,1,train
686,3,train
2981,1,train
3022,2,train
2719,1,train
2760,2,train
3156,2,train
2543,4,train
2677,4,train
720,1,train
324,1,train
3631,2,train
3672,3,train
1074,4,train
241,3,train
375,3,train
3152,4,train
2756,4,train
3968,1,train
537,1,train
275,1,train
757,4,train
3448,2,train
454,3,train
891,4,train
2790,2,train
3885,3,train
192,3,train
750,1,train
1187,2,train
3964,3,train
488,1,train
3702,3,train
1104,4,train
708,4,train
3440,3,train
3003,2,train
3399,2,train
842,4,train
9,3,train
446,4,train
1004,2,train
3736,1,train
1138,2,train
742,2,train
525,4,train
3216,2,train
263,4,train
1217,2,train
3949,1,train
1351,2,train
955,2,train
738,4,train
3429,2,train
3470,3,train
476,4,train
4028,1,train
1034,2,train
1471,3,train
3766,1,train
731,1,train
772,2,train
1168,2,train
906,2,train
510,2,train
689,4,train
1381,2,train
1422,3,train
3717,1,train
723,2,train
3937,4,train
902,4,train
1718,1,train
1501,3,train
3796,1,train
936,2,train
3888,4,train
1931,1,train
2110,3,train
1714,3,train
4009,1,train
1411,2,train
1848,3,train
1190,3,train
3967,4,train
2144,1,train
1748,1,train
1927,3,train
2102,4,train
1269,3,train
1403,3,train
2223,1,train
1961,1,train
2398,2,train
2181,4,train
1878,3,train
1919,4,train
2315,4,train
1220,3,train
2611,2,train
1778,1,train
2308,1,train
2528,4,train
1695,3,train
2132,4,train
1829,3,train
1870,4,train
1433,3,train
2387,1,train
1991,1,train
2607,4,train
1729,1,train
2166,2,train
3037,2,train
2641,2,train
2379,2,train
2076,1,train
2296,4,train
339,1,train
2854,2,train
2155,1,train
2592,2,train
2375,4,train
2113,4,train
1717,4,train
3067,2,train
2671,2,train
3108,3,train
114,4,train
2409,2,train
2805,2,train
2147,2,train
3187,3,train
148,2,train
327,4,train
2622,2,train
3059,3,train
65,4,train
623,2,train
3355,1,train
3138,3,train
540,4,train
144,4,train
2876,3,train
2573,2,train
836,2,train
137,1,train
178,2,train
574,2,train
357,4,train
2652,2,train
95,4,train
653,2,train
3385,1,train
3781,1,train
787,2,train
3123,1,train
88,1,train
129,2,train
2906,3,train
308,4,train
907,3,train
3598,1,train
604,2,train
1041,3,train
3119,3,train
3556,4,train
125,4,train
2857,3,train
4073,1,train
1120,3,train
3415,1,train
3852,2,train
4031,4,train
421,2,train
858,3,train
3153,1,train
3332,3,train
3373,4,train
3769,4,train
338,4,train
3070,3,train
1333,3,train
937,3,train
3232,1,train
3628,1,train
3982,4,train
3586,4,train
3324,4,train
1763,1,train
1546,3,train
3841,1,train
3882,2,train
847,2,train
888,3,train
3620,2,train
1022,3,train
626,3,train
3403,4,train
3537,4,train
3141,4,train
1580,1,train
1184,1,train
3792,1,train
4012,4,train
3616,4,train
3750,4,train
1793,1,train
1397,1,train
1834,2,train
1135,1,train
3912,2,train
918,3,train
1355,4,train
3650,2,train
4046,2,train
656,3,train
3829,4,train
1610,1,train
1214,1,train
2047,2,train
1348,1,train
1830,4,train
1086,1,train
1568,4,train
3863,2,train
1265,3,train
869,3,train
4042,4,train
1823,1,train
1864,2,train
2260,2,train
2043,4,train
1602,2,train
1385,4,train
1082,3,train
1519,4,train
2077,2,train
2211,2,train
1994,4,train
1598,4,train
1295,3,train
1336,4,train
1732,4,train
4068,3,train
2290,2,train
2331,3,train
1811,4,train
1549,4,train
2503,2,train
2107,2,train
1845,2,train
1979,2,train
1762,4,train
2495,3,train
193,2,train
2970,3,train
2574,3,train
2271,2,train
1875,2,train
2312,3,train
2708,3,train
1792,4,train
2870,1,train
3004,1,train
2921,3,train
2088,2,train
2263,3,train
3083,1,train
3217,1,train
3258,2,train
223,2,train
264,3,train
2559,1,train
2738,3,train
2779,4,train
2476,3,train
3471,2,train
40,2,train
477,3,train
2772,1,train
3168,1,train
3388,4,train
2293,3,train
3247,1,train
3288,2,train
3684,2,train
253,2,train
690,3,train
2985,1,train
3467,4,train
32,3,train
3205,4,train
2506,3,train
70,2,train
3022,4,train
2719,3,train
2760,4,train
3156,4,train
803,1,train
720,3,train
324,3,train
761,4,train
2619,1,train
62,3,train
2839,4,train
1016,1,train
620,1,train
3927,2,train
3968,3,train
537,3,train
3269,2,train
3665,2,train
275,3,train
3448,4,train
2790,4,train
967,1,train
3744,2,train
750,3,train
791,4,train
1187,4,train
488,3,train
3003,4,train
1046,1,train
1180,1,train
1004,4,train
3736,3,train
1138,4,train
742,4,train
3216,4,train
1259,1,train
997,1,train
1038,2,train
1434,2,train
1217,4,train
821,4,train
3949,3,train
955,4,train
559,4,train
814,1,train
4028,3,train
1034,4,train
3766,3,train
731,3,train
772,4,train
1168,4,train
3504,3,train
906,4,train
510,4,train
1027,1,train
1068,2,train
1202,2,train
589,4,train
3717,3,train
723,4,train
1677,2,train
1718,3,train
4013,1,train
1415,2,train
3796,3,train
936,4,train
1797,3,train
1494,2,train
1098,2,train
1931,3,train
4009,3,train
2227,1,train
2144,3,train
1748,3,train
1445,2,train
2306,1,train
2440,1,train
2223,3,train
1961,3,train
2398,4,train
2611,4,train
1778,3,train
1516,3,train
2470,1,train
2604,1,train
1991,3,train
2166,4,train
1729,3,train
2287,1,train
2724,2,train
2421,1,train
2025,1,train
2462,2,train
2159,1,train
2641,4,train
2379,4,train
2937,2,train
2634,1,train
2238,1,train
2675,2,train
2372,1,train
2854,4,train
2155,3,train
2592,4,train
1934,4,train
239,1,train
373,1,train
3150,2,train
197,4,train
2055,1,train
2888,2,train
2671,4,train
2409,4,train
2147,4,train
56,1,train
586,1,train
2967,2,train
2664,1,train
2705,2,train
148,4,train
2443,2,train
2622,4,train
269,1,train
7,1,train
444,2,train
3180,2,train
623,4,train
227,4,train
2918,2,train
3355,3,train
2656,2,train
2573,4,train
3651,1,train
616,1,train
220,1,train
657,2,train
354,1,train
836,4,train
3131,2,train
3172,3,train
137,3,train
178,4,train
574,4,train
2652,4,train
3730,1,train
736,2,train
653,4,train
2948,2,train
3385,3,train
3781,3,train
3123,3,train
129,4,train
3681,1,train
687,2,train
3598,3,train
604,4,train
1162,2,train
3894,1,train
900,2,train
3632,1,train
201,1,train
3415,3,train
3852,4,train
421,4,train
25,4,train
3153,3,train
717,2,train
3628,3,train
3232,3,train
3669,4,train
1233,3,train
1763,3,train
930,2,train
4058,1,train
668,2,train
3841,3,train
3882,4,train
3620,4,train
1143,2,train
1184,3,train
1580,3,train
485,2,train
3699,4,train
1876,1,train
1793,3,train
1397,3,train
1834,4,train
4088,1,train
1135,3,train
3912,4,train
4046,4,train
3650,4,train
2089,1,train
1693,1,train
1827,1,train
1610,3,train
1214,3,train
1651,4,train
2047,4,train
1348,3,train
952,3,train
1086,3,train
3863,4,train
1906,1,train
1644,1,train
2260,4,train
1864,4,train
1602,4,train
2294,2,train
2077,4,train
1681,4,train
3976,2,train
982,3,train
2507,2,train
1674,1,train
2111,2,train
1808,1,train
1412,1,train
2290,4,train
1887,1,train
1928,2,train
2324,2,train
1625,1,train
2107,4,train
1845,4,train
1979,4,train
22,1,train
2141,2,train
2275,2,train
2354,2,train
1958,2,train
2488,2,train
1875,4,train
3087,1,train
93,2,train
2870,3,train
3004,3,train
2171,2,train
2305,2,train
1909,2,train
2346,3,train
2088,4,train
172,2,train
3300,1,train
306,2,train
3083,3,train
3217,3,train
3258,4,train
2518,2,train
2122,2,train
2559,3,train
385,2,train
3117,1,train
3513,1,train
82,1,train
519,2,train
2855,1,train
257,2,train
3471,4,train
40,4,train
2335,2,train
2376,3,train
2772,3,train
3726,1,train
3330,1,train
3464,1,train
3068,1,train
470,2,train
3247,3,train
2851,3,train
3288,4,train
3684,4,train
2985,3,train
3543,1,train
3584,2,train
153,2,train
2885,1,train
3367,4,train
287,2,train
328,3,train
3105,4,train
70,4,train
3797,2,train
803,3,train
3494,1,train
104,2,train
2836,1,train
2619,3,train
1099,1,train
837,1,train
3614,2,train
1016,3,train
620,3,train
3311,1,train
3748,2,train
358,3,train
3049,1,train
3665,4,train
3269,4,train
1446,1,train
3128,1,train
967,3,train
134,2,train
3262,1,train
3744,4,train
1263,1,train
867,1,train
4040,2,train
1046,3,train
605,1,train
1087,4,train
3778,2,train
3516,2,train
1342,1,train
1476,1,train
1080,1,train
1259,3,train
997,3,train
1038,4,train
1434,4,train
3729,2,train
1596,2,train
897,1,train
635,1,train
1117,4,train
3412,2,train
814,3,train
3942,2,train
1809,2,train
1506,1,train
1547,2,train
1244,1,train
4021,2,train
4062,3,train
1027,3,train
1068,4,train
3759,2,train
1202,4,train
2022,2,train
1323,1,train
1364,2,train
4013,3,train
1415,4,train
1711,2,train
1315,2,train
4092,3,train
1494,4,train
1098,4,train
2227,3,train
1528,2,train
1445,4,train
2523,1,train
2306,3,train
2003,2,train
2044,3,train
2440,3,train
1345,2,train
2736,1,train
2474,1,train
1954,2,train
1558,2,train
2949,1,train
2553,1,train
2687,1,train
2291,1,train
2470,3,train
1771,2,train
1812,3,train
2766,1,train
2287,3,train
2724,4,train
2421,3,train
2025,3,train
2462,4,train
2159,3,train
2583,1,train
3020,2,train
26,3,train
2321,1,train
2455,1,train
2541,4,train
2937,4,train
2238,3,train
1842,3,train
2675,4,train
3233,2,train
239,3,train
373,3,train
2668,1,train
3150,4,train
2888,4,train
2055,3,train
669,1,train
3446,2,train
56,3,train
2351,1,train
2485,1,train
2967,4,train
2705,4,train
2443,4,train
882,1,train
269,3,train
2960,1,train
3001,2,train
3397,2,train
7,3,train
444,4,train
2698,1,train
2739,2,train
2918,4,train
3180,4,train
2656,4,train
699,1,train
3476,2,train
437,1,train
41,1,train
3651,3,train
220,3,train
657,4,train
2952,2,train
3348,2,train
3131,4,train
912,1,train
516,1,train
953,2,train
3730,3,train
650,1,train
736,4,train
3031,2,train
3468,3,train
2769,2,train
2948,4,train
729,1,train
1166,2,train
467,1,train
71,1,train
3244,2,train
3681,3,train
687,4,train
1379,2,train
983,2,train
1162,4,train
284,1,train
3498,3,train
3894,3,train
900,4,train
3195,2,train
3236,3,train
3632,3,train
201,3,train
242,4,train
1196,2,train
3928,1,train
1330,2,train
497,1,train
934,2,train
717,4,train
3408,2,train
4007,1,train
1409,2,train
710,1,train
751,2,train
930,4,train
489,2,train
668,4,train
1226,2,train
3958,1,train
1360,2,train
964,2,train
3696,1,train
702,2,train
3916,4,train
485,4,train
1876,3,train
1480,3,train
3909,1,train
915,2,train
2089,3,train
1693,3,train
3988,1,train
1827,3,train
1128,2,train
3946,4,train
1989,1,train
1727,1,train
1906,3,train
1207,2,train
1644,3,train
2202,1,train
2336,1,train
1940,1,train
1678,1,train
2294,4,train
3976,4,train
2415,1,train
2153,1,train
1757,1,train
2590,2,train
1891,1,train
1977,4,train
2507,4,train
1674,3,train
2111,4,train
1808,3,train
1412,3,train
2628,1,train
1970,1,train
2104,1,train
1708,1,train
1887,3,train
1928,4,train
2324,4,train
1625,3,train
1666,4,train
2486,2,train
1921,1,train
2141,4,train
2275,4,train
2437,2,train
2134,1,train
2175,2,train
2354,4,train
1958,4,train
1696,4,train
2650,2,train
3087,3,train
93,4,train
2784,2,train
2171,4,train
2305,4,train
1909,4,train
348,1,train
86,1,train
172,4,train
2863,2,train
3300,3,train
306,4,train
2122,4,train
385,4,train
3117,3,train
3513,3,train
519,4,train
2814,2,train
2855,3,train
257,4,train
2552,2,train
2335,4,train
553,2,train
3330,3,train
2631,2,train
3068,3,train
3626,1,train
632,2,train
3364,1,train
766,2,train
3543,3,train
3584,4,train
153,4,train
2844,2,train
2885,3,train
287,4,train
3839,1,train
845,2,train
449,2,train
146,1,train
187,2,train
3797,4,train
2702,3,train
104,4,train
2836,3,train
3656,1,train
1099,3,train
3394,1,train
3790,1,train
837,3,train
3528,1,train
3614,4,train
534,2,train
3311,3,train
3352,4,train
3748,4,train
3049,3,train
1133,1,train
3910,2,train
916,3,train
3211,1,train
3607,1,train
3128,3,train
134,4,train
3262,3,train
3820,1,train
3861,2,train
826,2,train
4040,4,train
3599,2,train
867,3,train
1263,3,train
564,2,train
605,3,train
3558,1,train
3778,4,train
3516,4,train
3120,4,train
1425,1,train
1342,3,train
4074,2,train
1080,3,train
684,3,train
3729,4,train
1638,1,train
1772,1,train
1596,4,train
897,3,train
4025,2,train
635,3,train
3412,4,train
1193,1,train
1327,1,train
1809,4,train
1547,4,train
1244,3,train
1285,4,train
4021,4,train
3759,4,train
1802,1,train
1843,2,train
2022,4,train
1323,3,train
1364,4,train
4055,2,train
1102,4,train
2452,2,train
961,1,train
1711,4,train
1315,4,train
1873,2,train
2007,2,train
1174,1,train
1528,4,train
2086,2,train
2523,3,train
2220,2,train
1824,2,train
2003,4,train
1345,4,train
2736,3,train
2340,3,train
2037,2,train
1641,2,train
2474,3,train
1558,4,train
2770,1,train
2949,3,train
2553,3,train
2687,3,train
1854,2,train
2291,3,train
1771,4,train
2983,1,train
2766,3,train
2370,3,train
3196,1,train
2583,3,train
3020,4,train
2321,3,train
2455,3,train
2059,3,train
281,2,train
3013,1,train
2617,1,train
2751,1,train
3233,4,train
2138,3,train
2668,3,train
3488,1,train
3226,1,train
2830,1,train
3267,2,train
232,2,train
669,3,train
2568,1,train
3446,4,train
2351,3,train
2788,4,train
2485,3,train
3346,2,train
352,3,train
3043,1,train
49,2,train
90,3,train
2781,1,train
3397,4,train
3001,4,train
2698,3,train
2739,4,train
3559,2,train
3297,2,train
262,2,train
699,3,train
740,4,train
2598,1,train
437,3,train
41,3,train
3035,2,train
3476,4,train
2952,4,train
995,1,train
599,1,train
3772,2,train
733,1,train
3906,2,train
516,3,train
120,3,train
953,4,train
650,3,train
2811,1,train
3031,4,train
2769,4,train
1208,1,train
812,1,train
946,1,train
3723,2,train
3764,3,train
729,3,train
770,4,train
1166,4,train
3065,2,train
467,3,train
71,3,train
3244,4,train
3461,2,train
629,1,train
763,1,train
3540,2,train
3936,2,train
1379,4,train
983,4,train
3278,2,train
284,3,train
3195,4,train
1238,1,train
976,1,train
3794,3,train
714,1,train
800,4,train
1196,4,train
3928,3,train
497,3,train
934,4,train
793,1,train
1230,2,train
4007,3,train
1409,4,train
531,1,train
3704,2,train
751,4,train
489,4,train
1705,2,train
1443,2,train
1226,4,train
3958,3,train
964,4,train
3696,3,train
702,4,train
1522,2,train
3992,1,train
3909,3,train
915,4,train
4071,1,train
1473,2,train
1077,2,train
1211,2,train
3988,3,train
1989,3,train
1686,2,train
1727,3,train
4022,1,train
1290,2,train
1465,3,train
1207,4,train
2285,1,train
2202,3,train
1503,2,train
1940,3,train
1678,3,train
2236,1,train
2415,3,train
1974,1,train
2153,3,train
1757,3,train
2194,4,train
2590,4,train
1891,3,train
2449,1,train
2053,1,train
1970,3,train
2104,3,train
1708,3,train
2703,2,train
2400,1,train
2004,1,train
2486,4,train
2224,4,train
1921,3,train
1962,4,train
5,1,train
2782,2,train
2479,1,train
2613,1,train
1955,1,train
2437,4,train
2134,3,train
2175,4,train
3129,2,train
2733,2,train
2867,2,train
2034,1,train
2471,2,train
2650,4,train
2254,4,train
1992,4,train
169,1,train
3342,2,train
3080,2,train
2684,2,train
86,3,train
2863,4,train
644,1,train
382,1,train
2763,2,train
206,4,train
2897,2,train
2552,4,train
636,2,train
3372,2,train
553,4,train
2848,2,train
2631,4,train
3843,1,train
849,2,train
3626,3,train
16,1,train
453,2,train
632,4,train
236,4,train
2927,2,train
3364,3,train
3922,1,train
3660,1,train
1062,2,train
3839,3,train
845,4,train
449,4,train
3618,4,train
146,3,train
187,4,train
2919,3,train
3873,1,train
442,1,train
3656,3,train
180,1,train
3394,3,train
3528,3,train
534,4,train
3690,1,train
1092,2,train
696,2,train
1133,3,train
3428,1,train
393,1,train
434,2,train
3211,3,train
3607,3,train
3648,4,train
3910,4,train
3903,1,train
3507,1,train
909,2,train
513,2,train
647,2,train
251,2,train
3861,4,train
3558,3,train
3599,4,train
1425,3,train
3720,1,train
3854,1,train
3458,1,train
3895,2,train
901,3,train
4074,4,train
1638,3,train
4067,1,train
3671,1,train
677,2,train
4025,4,train
2068,1,train
1193,3,train
890,2,train
1327,3,train
1885,1,train
1489,1,train
2019,1,train
1843,4,train
3876,2,train
4055,4,train
2098,1,train
1702,1,train
2139,2,train
1836,1,train
1440,1,train
3955,2,train
961,3,train
2352,2,train
2049,1,train
1653,1,train
1787,1,train
1873,4,train
2007,4,train
1174,3,train
1866,1,train
1470,1,train
1604,1,train
2086,4,train
1824,4,train
1,1,train
2778,2,train
1683,1,train
1817,1,train
1858,2,train
2037,4,train
1641,4,train
80,1,train
2595,2,train
2770,3,train
2071,2,train
1854,4,train
3066,1,train
72,2,train
2808,2,train
2546,2,train
2983,3,train
2284,2,train
1888,2,train
151,2,train
2666,3,train
3196,3,train
2363,2,train
3492,1,train
498,2,train
281,4,train
2576,2,train
3054,4,train
2617,3,train
3013,3,train
2314,2,train
2751,3,train
3309,1,train
3047,1,train
3226,3,train
2830,3,train
3267,4,train
2568,3,train
3522,1,train
3563,2,train
3260,1,train
3346,4,train
3043,3,train
3084,4,train
49,4,train
2781,3,train
2385,3,train
3776,2,train
2943,1,train
3473,1,train
3077,1,train
3559,4,train
83,2,train
2815,1,train
3297,4,train
2598,3,train
3035,4,train
3552,1,train
3593,2,train
3989,2,train
558,2,train
599,3,train
995,3,train
3290,1,train
733,3,train
337,3,train
3114,4,train
3028,1,train
34,2,train
2811,3,train
3772,4,train
3806,2,train
3940,2,train
812,3,train
3503,1,train
3544,2,train
3723,4,train
946,3,train
3241,1,train
247,2,train
3461,4,train
3065,4,train
1242,1,train
846,1,train
4019,2,train
629,3,train
1066,4,train
3320,1,train
763,3,train
3361,2,train
3540,4,train
3278,4,train
1455,1,train
1059,1,train
3970,2,train
4011,3,train
3574,2,train
976,3,train
3312,2,train
714,3,train
1534,1,train
876,1,train
1313,2,train
1010,1,train
1096,4,train
3391,2,train
3787,2,train
793,3,train
397,3,train
1230,4,train
3921,2,train
531,3,train
1788,2,train
1485,1,train
1922,2,train
1705,4,train
4000,2,train
4041,3,train
3604,2,train
1443,4,train
3738,2,train
3779,3,train
785,4,train
1605,2,train
1302,1,train
1343,2,train
1739,2,train
1040,1,train
1522,4,train
3817,2,train
3992,3,train
2214,2,train
1818,2,train
1515,1,train
1993,3,train
1690,2,train
4071,3,train
1473,4,train
1077,4,train
1211,4,train
2072,3,train
1769,2,train
1903,2,train
1290,4,train
4022,3,train
2285,3,train
1324,2,train
1503,4,train
2236,3,train
1537,2,train
1974,3,train
1671,2,train
2449,3,train
2053,3,train
2490,4,train
1791,3,train
2745,1,train
2879,1,train
2703,4,train
2400,3,train
2004,3,train
2562,1,train
5,3,train
2782,4,train
2479,3,train
1955,3,train
2909,1,train
2513,1,train
2950,2,train
3129,4,train
2733,4,train
2867,4,train
2034,3,train
2471,4,train
3029,2,train
2726,1,train
169,3,train
2464,1,train
2684,4,train
2543,1,train
2980,2,train
382,3,train
2677,1,train
2763,4,train
2897,4,train
544,1,train
3455,2,train
2756,1,train
2797,2,train
3193,2,train
636,4,train
2848,4,train
757,1,train
891,1,train
932,2,train
3406,2,train
3010,2,train
3843,3,train
849,4,train
16,3,train
453,4,train
2927,4,train
708,1,train
312,1,train
1145,2,train
3922,3,train
446,1,train
532,4,train
2827,2,train
3223,2,train
3357,2,train
2961,2,train
3660,3,train
525,1,train
962,2,train
3873,3,train
263,1,train
700,2,train
3436,2,train
442,3,train
3174,2,train
3215,3,train
3477,3,train
180,3,train
4035,1,train
738,1,train
779,2,train
476,1,train
913,2,train
3690,3,train
696,4,train
3428,3,train
434,4,train
3986,1,train
992,2,train
1429,3,train
3724,1,train
689,1,train
3903,3,train
3944,4,train
730,2,train
1126,2,train
3507,3,train
909,4,train
513,4,train
3245,3,train
647,4,train
251,4,train
3937,1,train
943,2,train
3720,3,train
681,2,train
3458,3,train
3854,3,train
3895,4,train
4016,1,train
1418,2,train
3754,1,train
760,2,train
3888,1,train
3671,3,train
677,4,train
2068,3,train
3967,1,train
1107,2,train
890,4,train
3663,4,train
2102,1,train
1706,1,train
1885,3,train
1489,3,train
3784,1,train
1186,2,train
3876,4,train
2181,1,train
2315,1,train
1919,1,train
2098,3,train
1702,3,train
2139,4,train
1836,3,train
1440,3,train
3955,4,train
2132,1,train
1870,1,train
1956,4,train
2352,4,train
1653,3,train
1257,3,train
1866,3,train
1470,3,train
1604,3,train
2465,2,train
1766,1,train
1504,1,train
1683,3,train
1858,4,train
2678,2,train
80,3,train
2375,1,train
2812,2,train
2113,1,train
1717,1,train
2154,2,train
2595,4,train
2071,4,train
1675,4,train
114,1,train
2629,2,train
3066,3,train
72,4,train
2367,2,train
2284,4,train
1888,4,train
327,1,train
65,1,train
151,4,train
2842,2,train
2883,3,train
2580,2,train
2363,4,train
144,1,train
3492,3,train
2659,2,train
2397,2,train
2314,4,train
357,1,train
95,1,train
136,2,train
2913,3,train
3309,3,train
3047,3,train
2651,3,train
215,2,train
349,2,train
3522,3,train
3563,4,train
2823,2,train
3260,3,train
824,2,train
3556,1,train
125,1,train
166,2,train
2943,3,train
3776,4,train
3077,3,train
83,4,train
2815,3,train
4031,1,train
3769,1,train
3373,1,train
775,2,train
3552,3,train
3111,1,train
3593,4,train
3989,4,train
117,2,train
3290,3,train
3028,3,train
34,4,train
3889,2,train
854,2,train
895,3,train
3586,1,train
592,2,train
3806,4,train
196,2,train
633,3,train
3324,1,train
330,2,train
3410,4,train
3544,4,train
3940,4,train
3403,1,train
3840,2,train
1242,3,train
3537,1,train
409,2,train
846,3,train
3141,1,train
543,2,train
3320,3,train
3361,4,train
4019,4,train
3099,4,train
1142,1,train
3919,2,train
3616,1,train
622,2,train
1059,3,train
3970,4,train
3574,4,train
3312,4,train
1355,1,train
1534,3,train
3829,1,train
3870,2,train
876,3,train
1313,4,train
4004,2,train
1010,3,train
3787,4,train
3391,4,train
1830,1,train
1568,1,train
1172,1,train
1788,4,train
1922,4,train
3821,2,train
4000,4,train
3604,4,train
3738,4,train
1385,1,train
1519,1,train
1605,4,train
1302,3,train
1343,4,train
1739,4,train
1040,3,train
1081,4,train
3817,4,train
1598,1,train
2035,2,train
1336,1,train
1818,4,train
1952,4,train
1690,4,train
1811,1,train
1852,2,train
2248,2,train
1549,1,train
1769,4,train
2065,2,train
1669,2,train
1803,2,train
1324,4,train
2278,2,train
1882,2,train
2319,3,train
2016,2,train
1620,2,train
2057,3,train
1537,4,train
1833,2,train
1967,2,train
2828,1,train
2745,3,train
2349,3,train
2046,2,train
1650,2,train
47,2,train
2779,1,train
181,2,train
2562,3,train
2259,2,train
2858,1,train
260,2,train
2596,1,train
2513,3,train
2950,4,train
3467,1,train
3205,1,train
2547,1,train
3029,4,train
2726,3,train
2464,3,train
331,3,train
2626,1,train
3022,1,train
69,3,train
2760,1,train
2846,4,train
2543,3,train
2980,4,train
761,1,train
3538,2,train
544,3,train
3276,2,train
2839,1,train
241,2,train
3455,4,train
2577,1,train
3014,2,train
3672,2,train
2756,3,train
2797,4,train
3193,4,train
578,1,train
757,3,train
932,4,train
99,3,train
2790,1,train
3227,2,train
3406,4,train
3010,4,train
1187,1,train
791,1,train
3964,2,train
529,1,train
3306,2,train
3702,2,train
708,3,train
3440,2,train
3044,2,train
312,3,train
1145,4,train
3003,1,train
9,2,train
446,3,train
2827,4,train
3223,4,train
2961,4,train
1004,1,train
742,1,train
525,3,train
962,4,train
263,3,train
700,4,train
3436,4,train
3174,4,train
1217,1,train
821,1,train
4035,3,train
955,1,train
559,1,train
996,2,train
738,3,train
3470,2,train
297,1,train
779,4,train
476,3,train
517,4,train
913,4,train
1034,1,train
1471,2,train
772,1,train
3986,3,train
376,1,train
1209,2,train
906,1,train
3724,3,train
510,1,train
992,4,train
1126,4,train
730,4,train
4020,1,train
1422,2,train
589,1,train
723,1,train
3937,3,train
943,4,train
681,4,train
1501,2,train
1239,2,train
4016,3,train
936,1,train
3754,3,train
760,4,train
3888,3,train
1714,2,train
1056,2,train
1190,2,train
794,2,train
3967,3,train
2102,3,train
1269,2,train
4001,1,train
1706,3,train
1403,2,train
1007,2,train
3784,3,train
1186,4,train
3959,4,train
2398,1,train
2181,3,train
4080,1,train
1919,3,train
1220,2,train
2611,1,train
1695,2,train
2132,3,train
1433,2,train
1870,3,train
2032,1,train
2166,1,train
2641,1,train
2682,2,train
2379,1,train
1983,1,train
2465,4,train
1766,3,train
1941,4,train
1504,3,train
2062,1,train
2678,4,train
2812,4,train
1934,1,train
2113,3,train
1717,3,train
2154,4,train
197,1,train
2974,2,train
2671,1,train
2712,2,train
3108,2,train
114,3,train
2409,1,train
2013,1,train
2450,2,train
2147,1,train
2629,4,train
2367,4,train
1971,4,train
3187,2,train
148,1,train
3059,2,train
65,3,train
2842,4,train
2580,4,train
623,1,train
227,1,train
3138,2,train
2742,2,train
3179,3,train
144,3,train
2876,2,train
2659,4,train
2218,2,train
2397,4,train
44,1,train
178,1,train
2693,2,train
136,4,train
2431,2,train
653,1,train
694,2,train
129,1,train
215,4,train
2510,2,train
2906,2,train
349,4,train
907,2,train
1041,2,train
824,4,train
3119,2,train
2723,2,train
3556,3,train
166,4,train
2857,2,train
1120,2,train
724,2,train
3852,1,train
421,1,train
25,1,train
858,2,train
3373,3,train
3111,3,train
117,4,train
937,2,train
3669,1,train
3407,1,train
3889,4,train
854,4,train
413,2,train
3586,3,train
3627,4,train
592,4,train
196,4,train
3324,3,train
330,4,train
1408,1,train
1191,3,train
3486,1,train
3882,1,train
888,2,train
3620,1,train
626,2,train
230,2,train
3403,3,train
3840,4,train
3537,3,train
3141,3,train
409,4,train
3699,1,train
705,2,train
1142,3,train
3919,4,train
3616,3,train
3657,4,train
622,4,train
1834,1,train
3912,1,train
918,2,train
959,3,train
1355,3,train
3650,1,train
656,2,train
3870,4,train
4004,4,train
2047,1,train
1651,1,train
1830,3,train
1568,3,train
1172,3,train
3863,1,train
869,2,train
3687,4,train
3821,4,train
3425,4,train
1864,1,train
1468,1,train
1602,1,train
1385,3,train
989,3,train
1519,3,train
2077,1,train
1681,1,train
1419,1,train
1598,3,train
1157,1,train
2035,4,train
3934,2,train
1336,3,train
1377,4,train
4068,2,train
2331,2,train
2069,2,train
2248,4,train
1852,4,train
1549,3,train
2107,1,train
1845,1,train
1886,2,train
2065,4,train
1669,4,train
1803,4,train
2495,2,train
2278,4,train
1882,4,train
2016,4,train
1620,4,train
2574,2,train
2178,2,train
2615,3,train
1875,1,train
1916,2,train
2312,2,train
1833,4,train
2828,3,train
2129,2,train
2263,2,train
1867,2,train
2046,4,train
1650,4,train
3258,1,train
264,2,train
2645,3,train
47,4,train
2779,3,train
1946,2,train
3471,1,train
477,2,train
2858,3,train
260,4,train
2596,3,train
2293,2,train
2334,3,train
3154,1,train
3288,1,train
32,2,train
2547,3,train
3367,1,train
3105,1,train
111,2,train
2843,1,train
3022,3,train
2626,3,train
2760,3,train
2364,3,train
3755,2,train
2922,1,train
324,2,train
761,3,train
3538,4,train
62,2,train
2839,3,train
3276,4,train
3672,4,train
2577,3,train
3014,4,train
3968,2,train
3572,2,train
537,2,train
578,3,train
3269,1,train
3310,2,train
275,2,train
2790,3,train
3227,4,train
791,3,train
529,3,train
3306,4,train
3702,4,train
3003,3,train
3440,4,train
3044,4,train
1087,1,train
3602,2,train
4039,3,train
1004,3,train
3736,2,train
2903,1,train
3340,2,train
742,3,train
84,3,train
904,1,train
1434,1,train
1038,1,train
821,3,train
3553,2,train
3949,2,train
955,3,train
559,3,train
996,4,train
3291,2,train
297,3,train
3470,4,train
1117,1,train
855,1,train
4069,3,train
1292,2,train
1034,3,train
3766,2,train
1075,4,train
1471,4,train
772,3,train
813,4,train
376,3,train
3504,2,train
510,3,train
1209,4,train
1068,1,train
1505,2,train
1202,1,train
3583,2,train
4020,3,train
1422,4,train
589,3,train
3717,2,train
723,3,train
1584,2,train
1718,2,train
885,1,train
1322,2,train
1501,4,train
3796,2,train
1239,4,train
1797,2,train
1931,2,train
1098,1,train
1714,4,train
4009,2,train
1056,4,train
3788,3,train
1190,4,train
794,4,train
1748,2,train
1352,2,train
1269,4,train
873,4,train
4001,3,train
1403,4,train
1007,4,train
2223,2,train
1961,2,train
2398,3,train
4080,3,train
1220,4,train
2081,3,train
2611,3,train
1778,2,train
1516,2,train
2511,1,train
2249,1,train
1991,2,train
2032,3,train
1729,2,train
2166,3,train
2724,1,train
2328,1,train
2462,1,train
2682,4,train
2379,3,train
1983,3,train
2937,1,train
2541,1,train
2675,1,train
2062,3,train
2499,4,train
1800,3,train
1934,3,train
197,3,train
2888,1,train
2974,4,train
3108,4,train
2712,4,train
2409,3,train
2013,3,train
2450,4,train
2147,3,train
2967,1,train
2705,1,train
2309,1,train
3187,4,train
148,3,train
2443,1,train
2529,4,train
444,1,train
3221,2,train
227,3,train
2918,1,train
3355,2,train
2656,1,train
2742,4,train
3138,4,train
2876,4,train
2218,4,train
657,1,train
261,1,train
3038,2,train
44,3,train
481,4,train
3172,2,train
178,3,train
2693,4,train
2431,4,train
736,1,train
694,4,train
2989,2,train
3385,2,train
3426,3,train
3123,2,train
2727,2,train
129,3,train
2906,4,train
2510,4,train
687,1,train
291,1,train
907,4,train
29,1,train
249,4,train
2723,4,train
2857,4,train
3935,1,train
941,2,train
1120,4,train
242,1,train
724,4,train
3019,2,train
421,3,train
25,3,train
858,4,train
3153,2,train
3194,3,train
3415,2,train
3852,3,train
1020,2,train
717,1,train
937,4,train
59,1,train
3232,2,train
3669,3,train
3407,3,train
413,4,train
1233,2,train
3965,1,train
971,2,train
1408,3,train
668,1,train
709,2,train
3486,3,train
3882,3,train
888,4,train
3620,3,train
3224,3,train
3923,4,train
626,4,train
230,4,train
1184,2,train
3916,1,train
485,1,train
3699,3,train
705,4,train
1397,2,train
1834,3,train
1135,2,train
1176,3,train
3912,3,train
3953,4,train
918,4,train
3650,3,train
656,4,train
2047,3,train
1214,2,train
1651,3,train
3946,1,train
952,2,train
556,2,train
1086,2,train
3863,3,train
1947,1,train
1864,3,train
1468,3,train
1905,4,train
3763,1,train
1602,3,train
3983,4,train
2294,1,train
1681,3,train
3976,1,train
982,2,train
1419,3,train
1157,3,train
3934,4,train
4068,4,train
1977,1,train
2111,1,train
2331,4,train
1453,1,train
2069,4,train
1236,3,train
2324,1,train
1928,1,train
1666,1,train
1845,3,train
1886,4,train
2141,1,train
2182,2,train
1965,4,train
2657,2,train
2354,1,train
1958,1,train
2395,2,train
2574,4,train
1696,1,train
2178,4,train
1875,3,train
1916,4,train
2312,4,train
93,1,train
2870,2,train
2171,1,train
2212,2,train
1909,1,train
2346,2,train
2129,4,train
1733,4,train
2263,4,train
1867,4,train
172,1,train
306,1,train
3083,2,train
3258,3,train
2425,2,train
264,4,train
2122,1,train
2559,2,train
1946,4,train
385,1,train
164,2,train
3471,3,train
2242,2,train
2376,2,train
2293,4,train
3371,1,train
377,2,train
3154,3,train
2851,2,train
3288,3,train
2193,2,train
32,4,train
3584,1,train
153,1,train
194,2,train
3367,3,train
328,2,train
3105,3,train
111,4,train
2843,3,train
3797,1,train
803,2,train
407,2,train
3139,1,train
104,1,train
3755,4,train
2922,3,train
324,4,train
2619,2,train
2660,3,train
62,4,train
3614,1,train
620,2,train
224,2,train
3352,1,train
3748,1,train
358,2,train
3572,4,train
3968,4,train
96,2,train
3269,3,train
3310,4,train
275,4,train
3431,1,train
134,1,train
175,2,train
2907,1,train
3389,4,train
4081,2,train
1087,3,train
3778,1,train
3516,1,train
3120,1,train
3602,4,train
3736,4,train
2903,3,train
3340,4,train
3898,2,train
904,3,train
1038,3,train
205,2,train
3553,4,train
3291,4,train
1596,1,train
1117,3,train
3412,1,train
3849,2,train
855,3,train
1292,4,train
3587,2,train
4028,4,train
3766,4,train
3504,4,train
1809,1,train
1413,1,train
1547,1,train
1151,1,train
1285,1,train
889,1,train
1371,4,train
3666,2,train
1068,3,train
1505,4,train
4062,2,train
3583,4,train
3717,4,train
1566,1,train
1364,1,train
1801,2,train
1102,1,train
1584,4,train
3879,2,train
1718,4,train
885,3,train
1322,4,train
3617,2,train
4013,2,train
1060,4,train
3796,4,train
1880,2,train
1181,1,train
1618,2,train
1315,1,train
1797,4,train
4092,2,train
1098,3,train
2227,2,train
1831,2,train
1528,1,train
1748,4,train
1352,4,train
4084,3,train
1090,4,train
2306,2,train
2044,2,train
1648,2,train
1345,1,train
2298,3,train
1558,1,train
1778,4,train
1516,4,train
2511,3,train
3726,2,train
1812,2,train
2249,3,train
1729,4,train
2287,2,train
2328,3,train
2724,3,train
2025,2,train
1629,2,train
2462,3,train
3020,1,train
26,2,train
2937,3,train
2541,3,train
2675,3,train
1842,2,train
3233,1,train
239,2,train
2575,1,train
2795,4,train
2055,2,train
2096,3,train
56,2,train
2788,1,train
2967,3,train
2705,3,train
2309,3,train
2443,3,train
527,1,train
3304,2,train
269,2,train
3001,1,train
7,2,train
48,3,train
444,3,train
2343,1,train
2739,1,train
2825,4,train
2126,3,train
3221,4,train
3355,4,train
740,1,train
3651,2,train
657,3,train
261,3,train
2952,1,train
3038,4,train
3172,4,train
2514,4,train
953,1,train
557,1,train
3730,2,train
736,3,train
3031,1,train
3468,2,train
78,3,train
2769,1,train
2989,4,train
3123,4,train
2727,4,train
1166,1,train
770,1,train
3547,2,train
3244,1,train
3722,3,train
3285,2,train
687,3,train
291,3,train
3023,2,train
3681,2,train
29,3,train
2940,4,train
983,1,train
587,1,train
3498,2,train
3935,3,train
3102,2,train
941,4,train
108,3,train
3236,2,train
3632,2,train
242,3,train
3019,4,train
3153,4,train
1196,1,train
800,1,train
1237,2,train
934,1,train
1020,4,train
717,3,train
59,3,train
496,4,train
3232,4,train
751,1,train
1233,4,train
3965,3,train
489,1,train
971,4,train
709,4,train
1226,1,train
3999,1,train
964,1,train
1005,2,train
3782,3,train
702,1,train
1184,4,train
3916,3,train
485,3,train
526,4,train
1480,2,train
1135,4,train
1693,2,train
1297,2,train
1734,3,train
4029,1,train
1035,2,train
1472,3,train
1214,4,train
773,2,train
3946,3,train
952,4,train
556,4,train
1947,3,train
1644,2,train
986,2,train
3763,3,train
1981,1,train
1065,2,train
3976,3,train
982,4,train
2590,1,train
2194,1,train
1977,3,train
2111,3,train
1412,2,train
1453,3,train
2273,1,train
2011,1,train
1928,3,train
1532,3,train
2486,1,train
2224,1,train
1962,1,train
2141,3,train
2182,4,train
2437,1,train
2041,1,train
2175,1,train
1779,1,train
2657,4,train
1958,3,train
2395,4,train
1696,3,train
3087,2,train
2650,1,train
2254,1,train
2691,2,train
93,3,train
1992,1,train
2429,2,train
2870,4,train
2171,3,train
2212,4,train
1909,3,train
1950,4,train
2346,4,train
172,3,train
2642,2,train
2425,4,train
2559,4,train
206,1,train
385,3,train
3117,2,train
2721,2,train
164,4,train
2855,2,train
2242,4,train
2376,4,train
1980,4,train
23,1,train
3371,3,train
2538,2,train
377,4,train
2672,2,train
3068,2,train
2193,4,train
632,1,train
236,1,train
673,2,train
411,2,train
3584,3,train
153,3,train
194,4,train
2489,2,train
2885,2,train
328,4,train
2926,3,train
449,1,train
3618,1,train
3797,3,train
187,1,train
624,2,train
407,4,train
2702,2,train
3139,3,train
2836,2,train
2619,4,train
3697,1,train
1099,2,train
3435,1,train
837,2,train
3614,3,train
441,2,train
620,4,train
224,4,train
3352,3,train
358,4,train
96,4,train
3910,1,train
916,2,train
520,2,train
3648,1,train
3431,3,train
392,2,train
3128,2,train
3606,4,train
175,4,train
2907,3,train
1170,3,train
3861,1,train
867,2,train
3599,1,train
908,3,train
4081,4,train
605,2,train
2986,3,train
3516,3,train
3120,3,train
4074,1,train
1080,2,train
684,2,train
3416,1,train
3898,4,train
3636,4,train
205,4,train
3374,4,train
1596,3,train
897,2,train
635,2,train
3412,3,train
3849,4,train
3587,4,train
1809,3,train
1413,3,train
1547,3,train
1151,3,train
1588,4,train
889,3,train
3666,4,train
4062,4,train
1843,1,train
1667,4,train
1364,3,train
968,3,train
1801,4,train
1102,3,train
3879,4,train
4013,4,train
3617,4,train
1398,1,train
1880,4,train
1181,3,train
1618,4,train
3913,2,train
1315,3,train
1356,4,train
4092,4,train
1873,1,train
2227,4,train
1831,4,train
2086,1,train
2523,2,train
1824,1,train
2306,4,train
2044,4,train
1648,4,train
1345,3,train
2340,2,train
2474,2,train
1641,1,train
2078,2,train
2553,2,train
1854,1,train
2291,2,train
1633,2,train
1812,4,train
2370,2,train
2108,2,train
2025,4,train
1629,4,train
2841,1,train
2583,2,train
2624,3,train
3020,3,train
26,4,train
2321,2,train
2059,2,train
1842,4,train
3054,1,train
3233,3,train
2138,2,train
2575,3,train
2055,4,train
3133,1,train
139,2,train
2871,1,train
3267,1,train
56,4,train
2351,2,train
2392,3,train
2788,3,train
3346,1,train
352,2,train
3084,1,train
90,2,train
527,3,train
2822,1,train
3304,4,train
3001,3,train
3042,4,train
7,4,train
2739,3,train
2343,3,train
3559,1,train
3297,1,train
2901,1,train
740,3,train
344,3,train
3035,1,train
41,2,train
3651,4,train
2422,3,train
2952,3,train
3772,1,train
3114,1,train
3551,2,train
516,2,train
120,2,train
557,3,train
953,3,train
2852,1,train
3031,3,train
3468,4,train
3730,4,train
2769,3,train
2810,4,train
853,1,train
3764,2,train
770,3,train
3065,1,train
3547,4,train
71,2,train
3285,4,train
3681,4,train
3023,4,train
1066,1,train
804,1,train
3540,1,train
983,3,train
587,3,train
3278,1,train
3319,2,train
284,2,train
3498,4,train
3102,4,train
3236,4,train
2840,4,train
3794,2,train
800,3,train
404,3,train
1237,4,train
934,3,train
3928,2,train
1096,1,train
1230,1,train
834,1,train
4007,2,train
4048,3,train
572,1,train
3349,2,train
751,3,train
792,4,train
489,3,train
651,1,train
785,1,train
3958,2,train
3999,3,train
1005,4,train
3696,2,train
702,3,train
1522,1,train
4078,3,train
1480,4,train
3379,2,train
822,4,train
1077,1,train
1211,1,train
1297,4,train
1693,4,train
3592,2,train
3988,2,train
1035,4,train
3767,3,train
4029,3,train
773,4,train
1989,2,train
1290,1,train
1331,2,train
1727,2,train
1465,2,train
1069,2,train
986,4,train
1940,2,train
1981,3,train
1678,2,train
1282,2,train
1065,4,train
2277,1,train
2060,3,train
1757,2,train
1361,2,train
2194,3,train
2490,1,train
2273,3,train
1970,2,train
2011,3,train
1708,2,train
2703,1,train
2486,3,train
2224,3,train
1962,3,train
2782,1,train
2258,1,train
2437,3,train
2041,3,train
2175,3,train
1779,3,train
2733,1,train
2471,1,train
3087,4,train
2254,3,train
2691,4,train
1992,3,train
2429,4,train
2684,1,train
2288,1,train
2026,1,train
2508,4,train
2642,4,train
289,1,train
2763,1,train
206,3,train
2938,2,train
3117,4,train
2721,4,train
2855,4,train
636,1,train
3017,2,train
23,3,train
2538,4,train
2672,4,train
319,1,train
453,1,train
3626,2,train
236,3,train
673,4,train
2968,2,train
3364,2,train
411,4,train
2706,2,train
2885,4,train
2489,4,train
532,1,train
270,1,train
449,3,train
3618,3,train
187,3,train
624,4,train
2919,2,train
2702,4,train
3914,1,train
920,2,train
3697,3,train
1099,4,train
3394,2,train
2998,2,train
3435,3,train
837,4,train
441,4,train
3993,1,train
696,1,train
300,1,train
737,2,train
1133,2,train
434,1,train
38,1,train
520,4,train
916,4,train
3211,2,train
3514,3,train
3648,3,train
392,4,train
3944,1,train
513,1,train
647,1,train
251,1,train
3861,3,train
3902,4,train
867,4,train
3599,3,train
605,4,train
1425,2,train
767,2,train
3895,1,train
901,2,train
684,4,train
3416,3,train
980,2,train
3712,1,train
677,1,train
718,2,train
897,4,train
635,4,train
1496,3,train
3791,1,train
1193,2,train
535,2,train
3663,1,train
1843,3,train
748,2,train
3876,1,train
3962,4,train
2139,1,train
1264,3,train
3955,1,train
961,2,train
1398,3,train
3913,4,train
2352,1,train
1956,1,train
1873,3,train
1914,4,train
1174,2,train
1652,4,train
2523,4,train
1824,3,train
2423,2,train
2161,2,train
1858,1,train
1944,4,train
2340,4,train
1641,3,train
2078,4,train
2770,2,train
2071,1,train
1675,1,train
2553,4,train
1854,3,train
2291,4,train
1633,4,train
72,1,train
2453,2,train
2191,2,train
1888,1,train
2370,4,train
2108,4,train
1712,4,train
151,1,train
2666,2,train
2404,2,train
2841,3,train
2583,4,train
2142,2,train
2321,4,train
2059,4,train
2617,2,train
2221,2,train
3054,3,train
2138,4,train
356,2,train
3133,3,train
139,4,train
2830,2,train
2871,3,train
3267,3,train
2568,2,train
2172,2,train
2351,4,train
3563,1,train
3346,3,train
352,4,train
3084,3,train
90,4,train
2385,2,train
2822,3,train
3776,1,train
386,2,train
3559,3,train
83,1,train
124,2,train
2901,3,train
3297,3,train
2598,2,train
3035,3,train
41,4,train
3593,1,train
3197,1,train
599,2,train
203,2,train
337,2,train
3114,3,train
3551,4,train
120,4,train
2852,3,train
3806,1,train
3410,1,train
3847,2,train
812,2,train
3544,1,train
416,2,train
853,3,train
591,3,train
2886,1,train
3368,4,train
3764,4,train
3065,3,train
2669,3,train
71,4,train
4060,2,train
629,2,train
1066,3,train
3361,1,train
804,3,train
3099,1,train
3278,3,train
3319,4,train
1100,1,train
3574,1,train
3615,2,train
4011,2,train
184,2,train
621,3,train
3312,1,train
3398,4,train
3794,4,train
1313,1,train
4090,2,train
1096,3,train
3391,1,train
3787,1,train
1230,3,train
397,2,train
834,3,train
3828,2,train
531,2,train
572,3,train
3349,4,train
4007,4,train
1788,1,train
3907,2,train
1350,4,train
3604,1,train
4041,2,train
651,3,train
3779,2,train
785,3,train
3696,4,train
1605,1,train
1739,1,train
1343,1,train
1780,2,train
1081,1,train
3992,2,train
3596,2,train
3379,4,train
1818,1,train
1993,2,train
1597,2,train
898,1,train
3675,2,train
4071,2,train
1077,3,train
1118,4,train
3592,4,train
2072,2,train
1989,4,train
1290,3,train
1331,4,train
1727,4,train
4022,2,train
1465,4,train
1069,4,train
2285,2,train
1627,2,train
1324,1,train
1678,4,train
1282,4,train
2236,2,train
1840,2,train
2277,3,train
1537,1,train
1578,2,train
1974,2,train
1757,4,train
1361,4,train
2053,2,train
1657,2,train
2490,3,train
1791,2,train
1708,4,train
2703,3,train
2004,2,train
2045,3,train
5,2,train
2782,3,train
2258,3,train
1955,2,train
2950,1,train
2733,3,train
2034,2,train
2075,3,train
2471,3,train
1813,3,train
3029,1,train
2684,3,train
2288,3,train
2026,3,train
2846,1,train
289,3,train
2584,1,train
2980,1,train
27,3,train
2322,1,train
2763,3,train
2938,4,train
2105,3,train
3496,2,train
3193,1,train
2797,1,train
3234,2,train
636,3,train
3017,4,train
932,1,train
319,3,train
3010,1,train
3051,2,train
16,2,train
57,3,train
453,3,train
2968,4,train
2706,4,train
1145,1,train
3922,2,train
3660,2,train
532,3,train
2827,1,train
3223,1,train
270,3,train
2961,1,train
3002,2,train
3264,2,train
2919,4,train
962,1,train
566,1,train
700,1,train
304,1,train
786,4,train
3081,2,train
920,4,train
87,3,train
3215,2,train
3477,2,train
3914,3,train
2998,4,train
2602,4,train
779,1,train
3993,3,train
913,1,train
3690,2,train
517,1,train
3294,2,train
696,3,train
300,3,train
737,4,train
1133,4,train
434,3,train
38,3,train
3211,4,train
3428,2,train
992,1,train
596,1,train
1033,2,train
1429,2,train
730,1,train
3507,2,train
3810,3,train
3944,3,train
513,3,train
3245,2,train
251,3,train
1246,2,train
3978,1,train
943,1,train
1425,4,train
3720,2,train
681,1,train
767,4,train
3458,2,train
3499,3,train
901,4,train
3895,3,train
760,1,train
980,4,train
3712,3,train
718,4,train
1014,2,train
3791,3,train
1193,4,train
752,2,train
535,4,train
3663,3,train
1489,2,train
3959,1,train
965,2,train
748,4,train
3876,3,train
1960,1,train
1702,2,train
2139,3,train
4038,1,train
1440,2,train
1044,2,train
1481,3,train
3955,3,train
961,4,train
2352,3,train
1956,3,train
1257,2,train
2252,1,train
2210,4,train
1470,2,train
1511,3,train
2465,1,train
1941,1,train
2423,4,train
2161,4,train
1858,3,train
2678,1,train
2020,1,train
2154,1,train
1758,1,train
2240,4,train
1675,3,train
2629,1,train
2670,2,train
3066,2,train
72,3,train
2367,1,train
1971,1,train
2453,4,train
2191,4,train
1888,3,train
1929,4,train
2749,2,train
151,3,train
2883,2,train
2666,4,train
2404,4,train
2142,4,train
2962,2,train
2659,1,train
3137,3,train
2397,1,train
2617,4,train
2221,4,train
136,1,train
2913,2,train
2517,2,train
356,4,train
2651,2,train
3047,2,train
2568,4,train
2172,4,train
215,1,train
349,1,train
3563,3,train
2730,2,train
3167,3,train
2468,2,train
2385,4,train
166,1,train
2943,2,train
3776,3,train
386,4,train
3077,2,train
124,4,train
2815,2,train
2598,4,train
3676,1,train
682,2,train
3414,1,train
420,2,train
3197,3,train
3593,3,train
117,1,train
203,4,train
599,4,train
2935,3,train
337,4,train
3889,1,train
895,2,train
3627,1,train
196,1,train
633,2,train
3410,3,train
3806,3,train
416,4,train
3544,3,train
3847,4,train
2886,3,train
712,2,train
3444,1,train
3840,1,train
409,1,train
4060,4,train
450,2,train
846,2,train
887,3,train
629,4,train
2965,3,train
3361,3,train
3664,4,train
3099,3,train
3919,1,train
3657,1,train
1100,3,train
401,2,train
3574,3,train
3615,4,train
4011,4,train
184,4,train
3312,3,train
3870,1,train
3474,1,train
876,2,train
480,2,train
1313,3,train
3212,1,train
4090,4,train
3391,3,train
3828,4,train
397,4,train
1788,3,train
3687,1,train
3821,1,train
3425,1,train
3907,4,train
3604,3,train
4041,4,train
3779,4,train
3383,4,train
1688,1,train
1426,1,train
1605,3,train
1343,3,train
947,3,train
1780,4,train
4075,2,train
1081,3,train
3992,4,train
3596,4,train
2035,1,train
1818,3,train
1377,1,train
1993,4,train
1597,4,train
898,3,train
3675,4,train
4071,4,train
1852,1,train
1456,1,train
2072,4,train
1194,1,train
1676,4,train
3971,2,train
4022,4,train
2065,1,train
1669,1,train
1803,1,train
2285,4,train
1627,4,train
1324,3,train
1882,1,train
1923,2,train
2319,2,train
1620,1,train
1224,1,train
2057,2,train
1840,4,train
1974,4,train
1578,4,train
2136,2,train
1833,1,train
2053,4,train
1657,4,train
1791,4,train
2349,2,train
1953,2,train
1650,1,train
1825,2,train
2004,4,train
47,1,train
2562,2,train
5,4,train
1904,2,train
2513,2,train
2950,3,train
2034,4,train
118,2,train
2850,1,train
3029,3,train
2371,3,train
331,2,train
69,2,train
2846,3,train
2980,3,train
2584,3,train
2322,3,train
3538,1,train
3142,1,train
544,2,train
3276,1,train
2880,1,train
3014,1,train
3496,4,train
2797,3,train
3234,4,train
3530,2,train
932,3,train
99,2,train
3227,1,train
3010,3,train
3051,4,train
16,4,train
3306,1,train
312,2,train
353,3,train
2648,1,train
3044,1,train
3660,4,train
2827,3,train
3264,4,train
3002,4,train
3822,2,train
962,3,train
566,3,train
263,2,train
304,3,train
700,3,train
3081,4,train
3477,4,train
3215,4,train
2819,4,train
862,1,train
4035,2,train
996,1,train
779,3,train
3511,2,train
517,3,train
3294,4,train
3690,4,train
3428,4,train
1471,1,train
1075,1,train
1209,1,train
813,1,train
4027,3,train
3590,2,train
3986,2,train
992,3,train
596,3,train
1033,4,train
1429,4,train
730,3,train
771,4,train
3328,2,train
3507,4,train
3245,4,train
3724,2,train
1246,4,train
3541,2,train
3937,2,train
3978,3,train
681,3,train
3458,4,train
1501,1,train
1542,2,train
1239,1,train
4016,2,train
3754,2,train
3358,2,train
3795,3,train
760,3,train
1359,2,train
1056,1,train
660,1,train
1190,1,train
794,1,train
3967,2,train
1014,4,train
752,4,train
1572,2,train
1269,1,train
873,1,train
1706,2,train
1007,1,train
1489,4,train
3784,2,train
3825,3,train
831,4,train
3959,3,train
965,4,train
1919,2,train
1960,3,train
1261,2,train
4038,3,train
1440,4,train
1044,4,train
2256,1,train
2039,3,train
1340,2,train
1078,2,train
1257,4,train
2252,3,train
1470,4,train
2682,1,train
2465,3,train
1766,2,train
1807,3,train
1504,2,train
1941,3,train
2499,1,train
2678,3,train
2237,1,train
2020,3,train
1717,2,train
1758,3,train
2154,3,train
2974,1,train
2712,1,train
2450,1,train
2536,4,train
3066,4,train
2670,4,train
1971,3,train
2529,1,train
2966,2,train
2749,4,train
2883,4,train
2225,4,train
268,1,train
3045,2,train
2742,1,train
3179,2,train
2962,4,train
2218,1,train
481,1,train
219,1,train
2693,1,train
2734,2,train
136,3,train
2431,1,train
2517,4,train
2913,4,train
2651,4,train
2255,4,train
694,1,train
36,1,train
215,3,train
2510,1,train
2730,4,train
2468,4,train
907,1,train
249,1,train
3026,2,train
3463,3,train
2723,1,train
166,3,train
207,4,train
2502,2,train
2943,4,train
724,1,train
66,1,train
3676,3,train
682,4,train
3373,2,train
3414,3,train
420,4,train
2715,2,train
3111,2,train
117,3,train
937,1,train
978,2,train
3889,3,train
413,1,train
17,1,train
895,4,train
2794,2,train
196,3,train
633,4,train
3627,3,train
1191,2,train
3923,1,train
626,1,train
230,1,train
712,4,train
3403,2,train
846,4,train
450,4,train
3141,2,train
3444,3,train
3840,3,train
4002,1,train
705,1,train
746,2,train
1142,2,train
3919,3,train
484,2,train
3657,3,train
401,4,train
3953,1,train
1355,2,train
959,2,train
3691,1,train
3870,3,train
3474,3,train
3911,4,train
876,4,train
480,4,train
3212,3,train
1692,1,train
1475,3,train
1172,2,train
1213,3,train
514,2,train
3687,3,train
3821,3,train
3425,3,train
1905,1,train
1688,3,train
3983,1,train
1385,2,train
989,2,train
1426,3,train
3721,1,train
4075,4,train
3679,4,train
3934,1,train
1377,3,train
4068,1,train
2331,1,train
2069,1,train
1852,3,train
1456,3,train
1194,3,train
3971,4,train
1752,1,train
1886,1,train
1972,4,train
1669,3,train
1803,3,train
1965,1,train
1703,1,train
1882,3,train
1923,4,train
2319,4,train
1620,3,train
1224,3,train
1661,4,train
2057,4,train
2178,1,train
2615,2,train
1916,1,train
1520,1,train
2353,2,train
2136,4,train
2828,2,train
2432,2,train
2129,1,train
1733,1,train
1867,1,train
1953,4,train
2349,4,train
1650,3,train
1691,4,train
1825,4,train
2645,2,train
2779,2,train
1946,1,train
2562,4,train
1904,4,train
122,2,train
2858,2,train
2596,2,train
2334,2,train
1721,4,train
32,1,train
118,4,train
2413,2,train
2850,3,train
2547,2,train
2151,2,train
111,1,train
152,2,train
2929,3,train
331,4,train
2626,2,train
69,4,train
2364,2,train
4028,2,train
3755,1,train
761,2,train
3538,3,train
3142,3,train
62,1,train
103,2,train
544,4,train
2839,2,train
2880,3,train
2577,2,train
3014,3,train
3276,3,train
3317,4,train
3572,1,train
3176,1,train
578,2,train
182,2,train
3310,1,train
3530,4,train
2697,3,train
99,4,train
3227,3,train
3389,1,train
3826,2,train
791,2,train
395,2,train
3127,1,train
529,2,train
133,2,train
3306,3,train
312,4,train
3044,3,train
2648,3,train
1349,3,train
3602,1,train
3206,1,train
4039,2,train
3340,1,train
3822,4,train
84,2,train
821,2,train
4035,4,train
3553,1,train
862,3,train
3157,1,train
559,2,train
996,3,train
3291,1,train
3377,4,train
297,2,train
3511,4,train
3115,4,train
1292,1,train
4069,2,train
1075,3,train
1209,3,train
376,2,train
813,3,train
3504,1,train
3590,4,train
3724,4,train
3328,4,train
3986,4,train
1371,1,train
1505,1,train
1109,1,train
1329,4,train
3583,1,train
3624,2,train
589,2,train
1067,4,train
4020,2,train
3541,4,train
3145,4,train
1584,1,train
1188,1,train
1322,1,train
1060,1,train
1542,4,train
3837,2,train
1239,3,train
4016,4,train
3575,2,train
3754,4,train
3358,4,train
1797,1,train
1576,2,train
877,1,train
1359,4,train
1056,3,train
660,3,train
3788,2,train
794,3,train
1352,1,train
1789,2,train
1090,1,train
1572,4,train
3867,2,train
1706,4,train
873,3,train
4001,2,train
1007,3,train
3784,4,train
1868,2,train
4080,2,train
1127,4,train
1261,4,train
2081,2,train
2256,3,train
1516,1,train
1340,4,train
1078,4,train
2032,2,train
1636,2,train
1374,2,train
2682,3,train
1849,2,train
1983,2,train
1587,2,train
1766,4,train
1504,4,train
2062,2,train
2499,3,train
1800,2,train
2237,3,train
1934,2,train
2795,1,train
197,2,train
2974,3,train
2533,1,train
2712,3,train
2753,4,train
2013,2,train
2450,3,train
2529,3,train
2133,3,train
2966,4,train
3221,1,train
2825,1,train
227,2,train
268,3,train
2563,1,train
3045,4,train
6,3,train
2742,3,train
3179,4,train
2218,3,train
3038,1,train
44,2,train
85,3,train
481,3,train
3172,1,train
219,3,train
2514,1,train
2693,3,train
2734,4,train
2431,3,train
515,1,train
3292,2,train
694,3,train
2989,1,train
2593,1,train
3426,2,train
36,3,train
2727,1,train
2510,3,train
594,1,train
115,3,train
3243,2,train
249,3,train
3026,4,train
2723,3,train
2502,4,train
941,1,train
545,1,train
3322,2,train
724,3,train
283,1,train
765,4,train
3019,1,train
25,2,train
66,3,train
503,4,train
3060,2,train
3194,2,train
2581,4,train
3111,4,train
2715,4,train
1020,1,train
1195,2,train
496,1,train
978,4,train
3273,2,train
3669,2,train
3407,2,train
3011,2,train
413,3,train
17,3,train
2794,4,train
1233,1,train
971,1,train
1408,2,train
709,1,train
795,4,train
1191,4,train
3486,2,train
3923,3,train
3224,2,train
230,3,train
4002,3,train
526,1,train
3699,2,train
705,3,train
746,4,train
1142,4,train
3478,3,train
484,4,train
1304,2,train
1176,2,train
3953,3,train
959,4,train
563,4,train
3691,3,train
1651,2,train
1255,2,train
1692,3,train
3987,1,train
952,1,train
556,1,train
993,2,train
1172,4,train
514,4,train
4066,1,train
1468,2,train
1072,2,train
1905,3,train
810,2,train
3983,3,train
989,4,train
3721,3,train
1681,2,train
4017,1,train
982,1,train
1419,2,train
1157,2,train
3934,3,train
2018,1,train
2069,3,train
1236,2,train
1969,1,train
1752,3,train
2189,4,train
4047,1,train
1886,3,train
1490,3,train
1228,3,train
2048,1,train
2182,1,train
1965,3,train
1703,3,train
2657,1,train
2395,1,train
2178,3,train
1737,1,train
2219,4,train
2615,4,train
1916,3,train
1520,3,train
2353,4,train
2212,1,train
2649,2,train
2346,1,train
1950,1,train
2432,4,train
2828,4,train
2129,3,train
1733,3,train
1867,3,train
2728,2,train
2425,1,train
2029,1,train
2645,4,train
1767,1,train
1946,3,train
1987,4,train
164,1,train
2242,1,train
2679,2,train
122,4,train
1980,1,train
2376,1,train
2858,4,train
2596,4,train
2334,4,train
377,1,train
3154,2,train
2496,2,train
2193,1,train
2413,4,train
2017,4,train
2547,4,train
2151,4,train
194,1,train
3367,2,train
328,1,train
3105,2,train
2709,2,train
111,3,train
152,4,train
2843,2,train
2626,4,train
2364,4,train
407,1,train
11,1,train
3755,3,train
2922,2,train
2660,2,train
103,4,train
2577,4,train
3655,1,train
224,1,train
661,2,train
358,1,train
3572,3,train
3176,3,train
3613,4,train
96,1,train
182,4,train
578,4,train
3310,3,train
478,2,train
3606,1,train
175,1,train
3389,3,train
3826,4,train
395,4,train
3127,3,train
529,4,train
133,4,train
4081,1,train
3685,1,train
1087,2,train
3602,3,train
3206,3,train
4039,4,train
2903,2,train
3340,3,train
84,4,train
3898,1,train
904,2,train
3636,1,train
205,1,train
3374,1,train
3553,3,train
3157,3,train
3291,3,train
297,4,train
1375,1,train
1117,2,train
3849,1,train
3453,1,train
3890,2,train
855,2,train
896,3,train
1292,3,train
3191,1,train
3587,1,train
3673,4,train
4069,4,train
376,4,train
1588,1,train
1371,3,train
3666,1,train
4062,1,train
1505,3,train
1109,3,train
3583,3,train
3624,4,train
4020,4,train
3362,4,train
1667,1,train
1801,1,train
1405,1,train
1584,3,train
1188,3,train
3879,1,train
3920,2,train
885,2,train
926,3,train
1322,3,train
3617,1,train
1060,3,train
664,3,train
3837,4,train
3575,4,train
1880,1,train
1484,1,train
1618,1,train
1356,1,train
4092,1,train
1576,4,train
3871,2,train
877,3,train
3788,4,train
1831,1,train
1435,1,train
1872,2,train
3950,2,train
1352,3,train
1789,4,train
4084,2,train
1090,3,train
3867,4,train
4001,4,train
2044,1,train
1648,1,train
1868,4,train
3901,2,train
4080,4,train
2164,2,train
2298,2,train
2081,4,train
1203,1,train
2511,2,train
2115,2,train
1812,1,train
2249,2,train
2032,4,train
1636,4,train
1374,4,train
2328,2,train
1932,2,train
1629,1,train
1849,4,train
1983,4,train
1587,4,train
26,1,train
2541,2,train
2145,2,train
1842,1,train
1883,2,train
2320,3,train
2062,4,train
1800,4,train
2795,3,train
2096,2,train
2533,3,train
2013,4,train
2309,2,train
3304,1,train
3042,1,train
48,2,train
2825,3,train
3221,3,train
2126,2,train
2563,3,train
3121,1,train
127,2,train
261,2,train
302,3,train
2597,1,train
3038,3,train
44,4,train
3079,4,train
2380,3,train
2514,3,train
3468,1,train
3509,2,train
78,2,train
515,3,train
2810,1,train
3292,4,train
2989,3,train
2593,3,train
3426,4,train
2727,3,train
811,1,train
3547,1,train
594,3,train
3285,1,train
3722,2,train
291,2,train
332,3,train
2627,1,train
3023,1,train
29,2,train
3109,4,train
3243,4,train
3801,2,train
3498,1,train
3539,2,train
3102,1,train
941,3,train
108,2,train
545,3,train
2840,1,train
242,2,train
283,3,train
3019,3,train
3060,4,train
3236,1,train
3194,4,train
3322,4,train
1237,1,train
1020,3,train
579,1,train
1195,4,train
362,3,train
59,2,train
496,3,train
3273,4,train
3407,4,train
3011,4,train
792,1,train
4006,3,train
3569,2,train
3965,2,train
971,3,train
1408,4,train
3307,2,train
709,3,train
3486,4,train
3224,4,train
871,1,train
1005,1,train
1091,4,train
3386,2,train
3782,2,train
3916,2,train
526,3,train
1480,1,train
1521,2,train
822,1,train
1304,4,train
4036,3,train
560,1,train
3337,2,train
3774,3,train
1176,4,train
780,4,train
1297,1,train
1338,2,train
1734,2,train
1035,1,train
639,1,train
1472,2,train
773,1,train
859,4,train
1255,4,train
3946,2,train
556,3,train
993,4,train
3987,3,train
1947,2,train
1551,2,train
1289,2,train
4066,3,train
986,1,train
1072,4,train
1468,4,train
3763,2,train
3804,3,train
810,4,train
1368,2,train
1065,1,train
4017,3,train
1419,4,train
1157,4,train
1977,2,train
2018,3,train
4051,1,train
1453,2,train
1057,2,train
1236,4,train
1532,2,train
1969,3,train
4047,3,train
2048,3,train
2182,3,train
1349,2,train
1786,3,train
2657,3,train
2395,3,train
1696,2,train
1737,3,train
2691,1,train
2295,1,train
2429,1,train
2212,3,train
2649,4,train
1950,3,train
2508,1,train
2945,2,train
2642,1,train
2728,4,train
2425,3,train
2029,3,train
1767,3,train
2721,1,train
2325,1,train
164,3,train
2063,1,train
2242,3,train
2679,4,train
1980,3,train
3371,2,train
2538,1,train
377,3,train
2672,1,train
3154,4,train
2496,4,train
2193,3,train
673,1,train
411,1,train
194,3,train
2489,1,train
2926,2,train
2709,4,train
2843,4,train
624,1,train
3005,2,train
3442,3,train
407,3,train
11,3,train
2702,1,train
3139,2,train
186,4,train
2481,2,train
2922,4,train
2660,4,train
2264,4,train
744,2,train
441,1,train
45,1,train
3655,3,train
224,3,train
661,4,train
3352,2,train
96,3,train
916,1,train
520,1,train
3431,2,train
392,1,train
478,4,train
2773,2,train
3606,3,train
175,3,train
216,4,train
2907,2,train
1170,2,train
774,2,train
3902,1,train
4081,3,train
75,1,train
908,2,train
3685,3,train
2986,2,train
3120,2,train
2903,4,train
3981,1,train
684,1,train
3898,3,train
725,2,train
904,4,train
463,2,train
3240,3,train
3636,3,train
205,3,train
3374,3,train
1375,3,train
3670,1,train
676,2,train
3453,3,train
3849,3,train
855,4,train
3587,3,train
3191,3,train
3890,4,train
1413,2,train
3749,1,train
1151,2,train
1588,3,train
889,2,train
493,2,train
3666,3,train
1667,3,train
3962,1,train
1801,3,train
968,2,train
1405,3,train
1102,2,train
3879,3,train
3920,4,train
885,4,train
3617,3,train
3658,4,train
1701,1,train
1880,3,train
1484,3,train
1181,2,train
1618,3,train
3913,1,train
1356,3,train
3871,4,train
1914,1,train
1652,1,train
1831,3,train
1435,3,train
1872,4,train
3950,4,train
4084,4,train
3688,4,train
1951,4,train
1648,3,train
1252,3,train
3901,4,train
2340,1,train
1944,1,train
2381,2,train
2078,1,train
2164,4,train
2298,4,train
1203,3,train
1640,4,train
2511,4,train
1633,1,train
2115,4,train
2249,4,train
2370,1,train
2411,2,train
2108,1,train
1712,1,train
2328,4,train
1932,4,train
1629,3,train
1670,4,train
2624,2,train
2228,2,train
2059,1,train
2145,4,train
1883,4,train
2441,2,train
2138,1,train
2179,2,train
2575,2,train
2616,3,train
2096,4,train
139,1,train
2788,2,train
2392,2,train
2309,4,train
352,1,train
3125,1,train
90,1,train
527,2,train
3304,3,train
3042,3,train
48,4,train
2343,2,train
2126,4,train
740,2,train
344,2,train
3121,3,train
127,4,train
2422,2,train
261,4,train
2597,3,train
3417,1,train
423,2,train
3155,1,train
3551,1,train
120,1,train
161,2,train
557,2,train
3509,4,train
78,4,train
2810,3,train
3764,1,train
3368,1,train
770,2,train
811,3,train
3106,1,train
3547,3,train
3285,3,train
3326,4,train
3722,4,train
291,4,train
3023,3,train
2627,3,train
29,4,train
587,2,train
3319,1,train
3801,4,train
3935,4,train
3102,3,train
3539,4,train
108,4,train
2840,3,train
3794,1,train
3398,1,train
800,2,train
404,2,train
1237,3,train
3573,2,train
579,3,train
3094,4,train
59,4,train
4048,2,train
658,3,train
2953,1,train
3349,1,train
792,3,train
3569,4,train
3965,4,train
3307,4,train
1350,1,train
1088,1,train
871,3,train
3999,2,train
1005,3,train
3782,4,train
3386,4,train
347,3,train
1167,1,train
905,1,train
4078,2,train
1521,4,train
3379,1,train
3816,2,train
822,3,train
3554,2,train
560,3,train
3337,4,train
1118,1,train
1555,2,train
1297,3,train
4029,2,train
1338,4,train
1734,4,train
1035,3,train
639,3,train
1472,4,train
3592,1,train
773,3,train
3767,2,train
1331,1,train
935,1,train
1768,2,train
1465,1,train
1069,1,train
1551,4,train
1947,4,train
3846,2,train
1289,4,train
986,3,train
3763,4,train
1981,2,train
1585,2,train
1282,1,train
1368,4,train
1065,3,train
2060,2,train
2194,2,train
1361,1,train
1536,2,train
4051,3,train
1453,4,train
1057,4,train
2273,2,train
2011,2,train
1353,2,train
1532,4,train
2224,2,train
1962,2,train
1566,2,train
1349,4,train
2561,1,train
2344,3,train
2041,2,train
1779,2,train
3476,3,train
2254,2,train
2295,3,train
2691,3,train
2732,4,train
1992,2,train
2429,3,train
2591,1,train
2508,3,train
2112,3,train
2945,4,train
2642,3,train
206,2,train
2938,1,train
2542,1,train
2721,3,train
2325,3,train
2063,3,train
2500,4,train
3017,1,train
2621,1,train
23,2,train
3371,4,train
2538,3,train
2672,3,train
236,2,train
673,3,train
2572,1,train
2968,1,train
411,3,train
2706,1,train
2489,3,train
2926,4,train
573,1,train
3618,2,train
94,3,train
624,3,train
2919,1,train
3005,4,train
3139,4,train
2481,4,train
786,1,train
920,1,train
3697,2,train
3301,2,train
744,4,train
2602,1,train
2998,1,train
441,3,train
45,3,train
482,4,train
3039,2,train
3435,2,train
2560,4,train
603,1,train
737,1,train
341,1,train
3514,2,train
520,3,train
3648,2,train
3431,4,train
2990,2,train
392,3,train
2773,4,train
2907,4,train
991,2,train
3768,3,train
1170,4,train
774,4,train
3902,3,train
908,4,train
75,3,train
512,4,train
2986,4,train
767,1,train
3981,3,train
901,1,train
3282,2,train
725,4,train
3416,2,train
463,4,train
980,1,train
718,1,train
322,1,train
3670,3,train
676,4,train
1496,2,train
3966,1,train
1413,4,train
535,1,train
972,2,train
3749,3,train
1151,4,train
889,4,train
493,4,train
748,1,train
3962,3,train
3566,3,train
968,4,train
1264,2,train
1701,3,train
1398,2,train
3734,1,train
1181,4,train
3913,3,train
3954,4,train
1997,1,train
1914,3,train
1518,3,train
1652,3,train
819,2,train
2210,1,train
1032,2,train
2423,1,train
2027,1,train
2161,1,train
1944,3,train
2381,4,train
2078,3,train
2240,1,train
1978,1,train
1716,1,train
2198,4,train
1633,3,train
2453,1,train
2191,1,train
1929,1,train
2411,4,train
2108,3,train
1712,3,train
2666,1,train
2404,1,train
2445,2,train
2841,2,train
2142,1,train
2228,4,train
2624,4,train
3054,2,train
2221,1,train
2441,4,train
2575,4,train
2179,4,train
356,1,train
3133,2,train
2737,2,train
139,3,train
2871,2,train
2172,1,train
2392,4,train
1996,4,train
3084,2,train
2688,2,train
3125,3,train
527,4,train
2385,1,train
2426,2,train
2822,2,train
2343,4,train
386,1,train
427,2,train
124,1,train
2901,2,train
344,4,train
2243,2,train
2422,4,train
203,1,train
3417,3,train
337,1,train
423,4,train
3114,2,train
3155,3,train
557,4,train
161,4,train
2456,2,train
2852,2,train
2893,3,train
3551,3,train
719,2,train
3451,1,train
3847,1,train
416,1,train
457,2,train
853,2,train
591,2,train
3368,3,train
2669,2,train
3106,3,train
4060,1,train
3664,1,train
1066,2,train
670,2,train
804,2,train
408,2,train
3622,4,train
587,4,train
3319,3,train
3481,1,train
4011,1,train
487,2,train
3615,1,train
184,1,train
621,2,train
3398,3,train
404,4,train
3573,4,train
4090,1,train
1096,2,train
3828,1,train
3869,2,train
397,1,train
4048,4,train
834,2,train
875,3,train
572,2,train
176,2,train
2953,3,train
3170,1,train
3349,3,train
3390,4,train
3907,1,train
1350,3,train
4041,1,train
4082,2,train
651,2,train
255,2,train
1088,3,train
785,2,train
3383,1,train
3779,1,train
3999,4,train
1780,1,train
1167,3,train
3462,1,train
3899,2,train
468,2,train
905,3,train
3596,1,train
3682,4,train
643,3,train
3379,3,train
3420,4,train
3816,4,train
3554,4,train
4078,4,train
1993,1,train
1597,1,train
3675,1,train
1118,3,train
1555,4,train
3592,3,train
4029,4,train
3767,4,train
2072,1,train
1676,1,train
1851,2,train
1152,1,train
1331,3,train
935,3,train
1768,4,train
1069,3,train
3846,4,train
1627,1,train
1981,4,train
1585,4,train
1282,3,train
1840,1,train
2277,2,train
1578,1,train
1182,1,train
1664,4,train
2060,4,train
1361,3,train
1536,4,train
2490,2,train
1657,1,train
2094,2,train
1791,1,train
1832,2,train
2273,4,train
2011,4,train
1353,4,train
2045,2,train
1432,4,train
1566,4,train
2124,2,train
2561,3,train
2258,2,train
1862,2,train
2041,4,train
1779,4,train
2640,3,train
2075,2,train
1679,2,train
1813,2,train
76,2,train
2591,3,train
2288,2,train
2026,2,train
2887,1,train
289,2,train
27,2,train
2938,3,train
2105,2,train
2542,3,train
3496,1,train
3234,1,train
2838,1,train
3017,3,train
2621,3,train
3058,4,train
23,4,train
2097,3,train
2917,1,train
319,2,train
3051,1,train
57,2,train
2968,3,train
2572,3,train
2706,3,train
532,2,train
573,3,train
3264,1,train
270,2,train
311,3,train
2606,1,train
3002,1,train
3914,2,train
786,3,train
3081,1,train
3477,1,train
920,3,train
87,2,train
2819,1,train
3215,1,train
3301,4,train
2998,3,train
2602,3,train
3039,4,train
3435,4,train
3697,4,train
3993,2,train
603,3,train
3294,1,train
300,2,train
341,3,train
737,3,train
3514,4,train
38,2,train
2990,4,train
1429,1,train
1033,1,train
3810,2,train
771,1,train
3548,2,train
3944,2,train
991,4,train
3245,1,train
1246,1,train
4064,3,train
588,1,train
1070,4,train
767,3,train
808,4,train
3499,2,train
3282,4,train
3416,4,train
1500,2,train
3578,2,train
980,3,train
3712,2,train
3753,3,train
718,3,train
322,3,train
1014,1,train
1496,4,train
3791,2,train
752,1,train
3966,3,train
535,3,train
972,4,train
3663,2,train
831,1,train
965,1,train
3783,3,train
748,3,train
1347,2,train
1044,1,train
1481,2,train
1264,4,train
1398,4,train
3734,3,train
1956,2,train
1560,2,train
1997,3,train
1257,1,train
1298,2,train
1735,3,train
819,4,train
2210,3,train
1511,2,train
1115,2,train
1249,2,train
1032,4,train
2244,1,train
2423,3,train
2027,3,train
2161,3,train
1765,3,train
2323,1,train
2240,3,train
1978,3,train
1675,2,train
1716,3,train
2536,1,train
2670,1,train
2453,3,train
2494,4,train
2191,3,train
1929,3,train
2749,1,train
2883,1,train
2225,1,train
2404,3,train
2445,4,train
2841,4,train
2142,3,train
2962,1,train
3137,2,train
2304,1,train
2741,2,train
2042,1,train
2524,4,train
2221,3,train
2913,1,train
2517,1,train
356,3,train
2651,1,train
2255,1,train
2737,4,train
3133,4,train
2871,4,train
2172,3,train
2213,4,train
3033,2,train
2730,1,train
3167,2,train
2468,1,train
2688,4,train
2822,4,train
2426,4,train
207,1,train
3421,3,train
386,3,train
427,4,train
2722,2,train
124,3,train
2901,4,train
2243,4,train
682,1,train
286,1,train
420,1,train
24,1,train
2801,2,train
3197,2,train
203,3,train
244,4,train
2935,2,train
2852,4,train
2456,4,train
895,1,train
633,1,train
3847,3,train
3451,3,train
719,4,train
3410,2,train
416,3,train
457,4,train
853,4,train
591,4,train
2886,2,train
3189,3,train
2669,4,train
712,1,train
753,2,train
4060,3,train
450,1,train
54,1,train
887,2,train
3664,3,train
670,4,train
2965,2,train
804,4,train
408,4,train
3099,2,train
3960,1,train
1100,2,train
3481,3,train
401,1,train
487,4,train
3219,3,train
3615,3,train
184,3,train
621,4,train
783,2,train
3911,1,train
480,1,train
4090,3,train
655,2,train
3828,3,train
3869,4,train
834,4,train
3170,3,train
572,4,train
176,4,train
3728,1,train
734,2,train
3466,1,train
3907,3,train
3948,4,train
4082,4,train
651,4,train
255,4,train
3383,3,train
1780,3,train
947,2,train
3679,1,train
4075,1,train
1081,2,train
685,2,train
3462,3,train
3899,4,train
468,4,train
3596,3,train
1680,1,train
3758,1,train
1597,3,train
764,2,train
1201,3,train
898,2,train
3675,3,train
1676,3,train
3971,1,train
1851,4,train
1152,3,train
3667,4,train
1972,1,train
1627,3,train
1231,3,train
969,3,train
2319,1,train
1923,1,train
2057,1,train
1661,1,train
1840,3,train
2277,4,train
1578,3,train
1182,3,train
2136,1,train
2177,2,train
1478,1,train
1657,3,train
2094,4,train
1832,4,train
2349,1,train
1953,1,train
2390,2,train
1691,1,train
2128,2,train
1825,1,train
2045,4,train
1649,4,train
2207,2,train
1904,1,train
2124,4,train
1728,4,train
2258,4,train
1862,4,train
1721,1,train
2158,2,train
1896,2,train
2075,4,train
1679,4,train
1813,4,train
118,1,train
76,4,train
2371,2,train
2288,4,train
2026,4,train
331,1,train
69,1,train
2846,2,train
2887,3,train
289,4,train
2584,2,train
2625,3,train
27,4,train
2322,2,train
2105,4,train
189,2,train
3317,1,train
3496,3,train
3234,3,train
2838,3,train
3530,1,train
99,1,train
2917,3,train
319,4,train
3051,3,train
2655,3,train
57,4,train
353,2,train
91,2,train
3264,3,train
270,4,train
3002,3,train
2606,3,train
3822,1,train
566,2,train
607,3,train
2902,1,train
304,2,train
3081,3,train
3914,4,train
87,4,train
2819,3,train
3910,3,train
3377,1,train
3993,4,train
3115,1,train
3511,1,train
517,2,train
3294,3,train
300,4,train
38,4,train
3590,1,train
4027,2,train
596,2,train
637,3,train
1033,3,train
2932,1,train
771,3,train
3328,1,train
3548,4,train
3810,4,train
1329,1,train
1067,1,train
3844,2,train
1246,3,train
3541,1,train
3145,1,train
3978,2,train
588,3,train
3499,4,train
3103,4,train
1542,1,train
1146,1,train
1500,4,train
3358,1,train
3795,2,train
3578,4,train
3712,4,train
1359,1,train
3874,2,train
4049,3,train
1014,3,train
3791,4,train
752,3,train
1572,1,train
1613,2,train
3825,2,train
831,3,train
3959,2,train
965,3,train
1826,2,train
1960,2,train
1127,1,train
1564,2,train
1261,1,train
865,1,train
1347,4,train
4038,2,train
1044,3,train
1085,4,train
1481,4,train
4079,3,train
823,4,train
2039,2,train
1340,1,train
944,1,train
1078,1,train
1560,4,train
1298,4,train
2252,2,train
1856,2,train
1594,2,train
2031,3,train
1332,2,train
1511,4,train
1115,4,train
1249,4,train
1807,2,train
2244,3,train
1941,2,train
2323,3,train
2020,2,train
1624,2,train
1758,2,train
2753,1,train
2536,3,train
2670,3,train
1837,2,train
1971,2,train
2966,1,train
2749,3,train
2225,3,train
3045,1,train
3179,1,train
2962,3,train
3137,4,train
2304,3,train
2741,4,train
2042,3,train
2734,1,train
2517,3,train
2255,3,train
3250,2,train
3033,4,train
2730,3,train
3167,4,train
2468,3,train
2509,4,train
290,1,train
3026,1,train
3463,2,train
73,3,train
207,3,train
2502,1,train
2722,4,train
765,1,train
503,1,train
3280,2,train
3676,2,train
682,3,train
286,3,train
2581,1,train
3414,2,train
420,3,train
24,3,train
2715,1,train
2801,4,train
3197,4,train
2935,4,train
2539,4,train
978,1,train
582,1,train
320,1,train
3097,2,train
3627,2,train
2794,1,train
2969,2,train
2886,4,train
1191,1,train
795,1,train
3747,3,train
712,3,train
753,4,train
3048,2,train
3444,2,train
450,3,train
54,3,train
491,4,train
887,4,train
2786,2,train
2965,4,train
3485,3,train
1049,2,train
746,1,train
3960,3,train
484,1,train
3657,2,train
1100,4,train
2999,2,train
401,3,train
3994,1,train
959,1,train
563,1,train
3777,3,train
3911,3,train
301,1,train
783,4,train
480,3,train
521,4,train
3212,2,train
3474,2,train
655,4,train
259,4,train
3515,3,train
1475,2,train
1079,2,train
1213,2,train
514,1,train
951,2,train
3687,2,train
3728,3,train
734,4,train
3425,2,train
3466,3,train
1688,2,train
4024,1,train
989,1,train
1030,2,train
1426,2,train
1467,3,train
3545,3,train
947,4,train
551,4,train
3679,3,train
4075,3,train
685,4,train
1680,3,train
3975,1,train
1377,2,train
981,2,train
3758,3,train
764,4,train
3933,4,train
898,4,train
1976,1,train
1759,3,train
1456,2,train
1497,3,train
1194,2,train
798,2,train
3971,3,train
2189,1,train
1972,3,train
4005,1,train
3963,4,train
1923,3,train
1527,3,train
1224,2,train
1661,3,train
2615,1,train
2219,1,train
2353,1,train
2136,3,train
2177,4,train
1478,3,train
1915,4,train
2432,1,train
1953,3,train
2390,4,train
1691,3,train
2128,4,train
1825,3,train
2645,1,train
2686,2,train
1987,1,train
2207,4,train
1904,3,train
1945,4,train
122,1,train
2637,2,train
1804,1,train
2334,1,train
1721,3,train
2158,4,train
1896,4,train
2716,2,train
118,3,train
2413,1,train
2017,1,train
2454,2,train
2850,2,train
2151,1,train
2371,4,train
152,1,train
2929,2,train
2667,2,train
2364,1,train
2584,4,train
2322,4,train
3400,1,train
406,2,train
3142,2,train
103,1,train
189,4,train
2484,2,train
2880,2,train
3317,3,train
3613,1,train
182,1,train
3530,3,train
2697,2,train
3826,1,train
3430,1,train
395,1,train
436,2,train
133,1,train
174,2,train
2951,3,train
353,4,train
2648,2,train
91,4,train
4039,1,train
3822,3,train
3381,1,train
3601,4,train
84,1,train
566,4,train
2902,3,train
304,4,train
3460,1,train
862,2,train
466,2,train
903,3,train
3377,3,train
2981,3,train
3511,3,train
3115,3,train
4069,1,train
3673,1,train
1075,2,train
813,2,train
417,2,train
3590,3,train
3631,4,train
596,4,train
3328,3,train
2932,3,train
4027,4,train
1329,3,train
3624,1,train
1067,3,train
3362,1,train
3844,4,train
3541,3,train
3145,3,train
3978,4,train
1363,1,train
1542,3,train
1146,3,train
3441,1,train
3837,1,train
3575,1,train
3358,3,train
3399,4,train
3795,4,train
1442,1,train
1576,1,train
1359,3,train
660,2,train
3788,1,train
3874,4,train
1789,1,train
1572,3,train
1131,1,train
1613,4,train
3867,1,train
873,2,train
1351,4,train
3646,2,train
3825,4,train
3429,4,train
1868,1,train
1826,4,train
1960,4,train
1127,3,train
1564,4,train
1261,3,train
865,3,train
4038,4,train
2081,1,train
2256,2,train
1860,2,train
2039,4,train
1161,1,train
3938,2,train
1340,3,train
944,3,train
1381,4,train
1078,3,train
1636,1,train
2073,2,train
2252,4,train
1374,1,train
1856,4,train
1594,4,train
1332,4,train
2152,2,train
1849,1,train
1890,2,train
1587,1,train
1628,2,train
1807,4,train
1411,4,train
2499,2,train
1800,1,train
1841,2,train
2237,2,train
2020,4,train
1624,4,train
1758,4,train
2753,3,train
1920,2,train
2529,2,train
2133,2,train
2966,3,train
1871,2,train
2308,3,train
268,2,train
3045,3,train
6,2,train
2387,3,train
3079,1,train
481,2,train
85,2,train
219,2,train
3037,4,train
2734,3,train
2076,3,train
3292,1,train
339,3,train
36,2,train
3250,4,train
3109,1,train
115,2,train
3284,2,train
2847,1,train
3243,1,train
249,2,train
290,3,train
2585,1,train
3026,3,train
3067,4,train
2805,4,train
3463,4,train
2502,3,train
3322,1,train
765,3,train
3060,1,train
66,2,train
503,3,train
3194,1,train
3280,4,train
3414,4,train
2581,3,train
3676,4,train
2715,3,train
1195,1,train
799,1,train
3576,2,train
978,3,train
582,3,train
3273,1,train
3314,2,train
320,3,train
3011,1,train
3097,4,train
17,2,train
2794,3,train
2969,4,train
878,1,train
795,3,train
3923,2,train
3224,1,train
3444,4,train
3048,4,train
2786,4,train
1091,1,train
1266,2,train
4002,2,train
567,1,train
1049,4,train
3344,2,train
746,3,train
787,4,train
3082,2,train
3478,2,train
484,3,train
88,3,train
2999,4,train
1304,1,train
1176,1,train
780,1,train
3953,2,train
3994,3,train
563,3,train
3295,2,train
3691,2,train
301,3,train
3474,4,train
3212,4,train
1255,1,train
859,1,train
1692,2,train
4073,3,train
993,1,train
597,1,train
1079,4,train
1475,4,train
1213,4,train
514,3,train
951,4,train
1905,2,train
1072,1,train
1688,4,train
810,1,train
1247,2,train
3983,2,train
1426,4,train
1030,4,train
3721,2,train
4024,3,train
627,1,train
1064,2,train
847,4,train
3975,3,train
981,4,train
1539,2,train
1976,3,train
1236,1,train
1456,4,train
3792,3,train
1194,4,train
798,4,train
1752,2,train
2189,3,train
1490,2,train
1094,2,train
1228,2,train
4005,3,train
1965,2,train
1703,2,train
1307,2,train
1224,4,train
2302,1,train
2219,3,train
1823,3,train
2353,3,train
1520,2,train
2649,1,train
2253,1,train
2432,3,train
1733,2,train
2211,4,train
2728,1,train
2686,4,train
1987,3,train
2679,1,train
2283,1,train
2720,2,train
122,3,train
2021,1,train
2503,4,train
2637,4,train
1804,3,train
2496,1,train
2933,2,train
2716,4,train
2413,3,train
2017,3,train
2454,4,train
2850,4,train
2151,3,train
235,1,train
2709,1,train
2313,1,train
2750,2,train
152,3,train
193,4,train
2051,1,train
2929,4,train
2667,4,train
2271,4,train
314,1,train
186,1,train
3400,3,train
406,4,train
2264,1,train
2660,1,train
103,3,train
2701,2,train
2484,4,train
2880,4,train
3142,4,train
661,1,train
3176,2,train
2780,2,train
3613,3,train
182,3,train
223,4,train
2697,4,train
478,1,train
3826,3,train
3430,3,train
216,1,train
3389,2,train
395,3,train
436,4,train
2731,2,train
133,3,train
174,4,train
3127,2,train
3168,3,train
2648,4,train
295,1,train
732,2,train
3206,2,train
253,4,train
3381,3,train
3939,1,train
3460,3,train
862,4,train
466,4,train
2761,2,train
3157,2,train
3890,1,train
896,2,train
3673,3,train
417,4,train
1371,2,train
975,2,train
3707,1,train
1109,2,train
713,2,train
3927,4,train
451,2,train
3624,3,train
3362,3,train
1188,2,train
3920,1,train
926,2,train
1363,3,train
3658,1,train
1060,2,train
664,2,train
3441,3,train
3837,3,train
3575,3,train
1659,1,train
1442,3,train
3935,2,train
1576,3,train
1180,3,train
3871,1,train
877,2,train
3695,4,train
660,4,train
1738,1,train
1872,1,train
3950,1,train
1789,3,train
4084,1,train
3688,1,train
1090,2,train
1131,3,train
3867,3,train
3646,4,train
1951,1,train
1689,1,train
1868,3,train
3901,1,train
2164,1,train
2298,1,train
1640,1,train
2256,4,train
1860,4,train
1161,3,train
3938,4,train
2115,1,train
2156,2,train
1636,3,train
1677,4,train
2073,4,train
1374,3,train
1932,1,train
1670,1,train
2152,4,train
1849,3,train
1890,4,train
1587,3,train
1628,4,train
2448,2,train
2145,1,train
1883,1,train
1487,1,train
2320,2,train
2237,4,train
1841,4,train
2795,2,train
2399,2,train
2096,1,train
2533,2,train
1920,4,train
2133,4,train
1871,4,train
48,1,train
2825,2,train
268,4,train
2126,1,train
2167,2,train
2563,2,train
6,4,train
2604,3,train
127,1,train
302,2,train
3079,3,train
85,4,train
2380,2,train
219,4,train
2514,2,train
3375,1,train
381,2,train
3113,1,train
3509,1,train
78,1,train
515,2,train
3292,3,train
2593,2,train
2634,3,train
36,4,train
2372,3,train
3192,1,train
594,2,train
198,2,train
3326,1,train
3722,1,train
332,2,train
3109,3,train
115,4,train
2847,3,train
3243,3,train
3284,4,train
2585,3,train
3801,1,train
3539,1,train
3143,1,train
3580,2,train
108,1,train
545,2,train
586,3,train
3322,3,train
283,2,train
3060,3,train
2664,3,train
66,4,train
1195,3,train
362,2,train
799,3,train
3094,1,train
496,2,train
3273,3,train
3314,4,train
3576,4,train
3011,3,train
17,4,train
1095,1,train
3872,2,train
4006,2,train
878,3,train
3610,2,train
179,2,train
616,3,train
2911,1,train
3307,1,train
354,3,train
4085,2,train
1091,3,train
3386,1,train
3782,1,train
4002,4,train
1266,4,train
3561,2,train
526,2,train
567,3,train
3344,4,train
3478,4,train
3082,4,train
1521,1,train
1304,3,train
863,1,train
3640,2,train
4036,2,train
3337,1,train
3774,2,train
780,3,train
3691,4,train
3295,4,train
1734,1,train
1338,1,train
1472,1,train
1255,3,train
859,3,train
1692,4,train
3591,2,train
993,3,train
597,3,train
3987,2,train
1551,1,train
1289,1,train
893,1,train
4066,2,train
1072,3,train
3804,2,train
810,3,train
1247,4,train
3721,4,train
1368,1,train
1805,2,train
1543,2,train
844,1,train
4017,2,train
4058,3,train
627,3,train
1064,4,train
2018,2,train
1622,2,train
923,1,train
1057,1,train
1143,4,train
1539,4,train
1532,1,train
1969,2,train
1752,4,train
4047,2,train
4088,3,train
1490,4,train
1094,4,train
1228,4,train
2048,2,train
1349,1,train
1786,2,train
1524,2,train
1703,4,train
1307,4,train
2519,1,train
2302,3,train
1603,2,train
1737,2,train
1341,2,train
1520,4,train
2732,1,train
2649,3,train
2253,3,train
1950,2,train
2945,1,train
2549,1,train
2728,3,train
2029,2,train
1767,2,train
2500,1,train
2679,3,train
2283,3,train
2720,4,train
1980,2,train
2021,3,train
22,3,train
2317,1,train
2496,3,train
2933,4,train
235,3,train
2926,1,train
2709,3,train
2313,3,train
2750,4,train
2051,3,train
2488,4,train
314,3,train
3005,1,train
3046,2,train
11,2,train
3442,2,train
2347,1,train
186,3,train
2481,1,train
2264,3,train
2701,4,train
744,1,train
3655,2,train
482,1,train
3259,2,train
661,3,train
2560,1,train
3176,4,train
2780,4,train
2518,4,train
299,1,train
3076,2,train
478,3,train
82,3,train
2773,1,train
3606,2,train
216,3,train
3127,4,train
2731,4,train
1170,1,train
774,1,train
908,1,train
512,1,train
3289,2,train
3685,2,train
3726,3,train
295,3,train
3464,3,train
732,4,train
2986,1,train
3027,2,train
470,4,train
2765,2,train
3206,4,train
1028,2,train
725,1,train
3939,3,train
463,1,train
3240,2,train
3636,2,train
3374,2,train
2978,2,train
3157,4,train
2761,4,train
3973,1,train
1375,2,train
979,2,train
676,1,train
3453,2,train
3494,3,train
3890,3,train
896,4,train
3191,2,train
1058,2,train
1588,2,train
359,1,train
493,1,train
975,4,train
3707,3,train
1109,4,train
713,4,train
451,4,train
1667,2,train
4003,1,train
968,1,train
1405,2,train
1446,3,train
3741,1,train
1188,4,train
747,2,train
3920,3,train
926,4,train
3658,3,train
664,4,train
1484,2,train
1659,3,train
3954,1,train
1356,2,train
960,2,train
3871,3,train
877,4,train
1738,3,train
1435,2,train
1476,3,train
1872,3,train
3771,1,train
777,2,train
3950,3,train
3688,3,train
1951,3,train
1252,2,train
1689,3,train
3901,3,train
3942,4,train
2381,1,train
1985,1,train
2164,3,train
1723,1,train
1506,3,train
1203,2,train
1640,3,train
2198,1,train
2115,3,train
2156,4,train
2411,1,train
1932,3,train
1670,3,train
2624,1,train
2228,1,train
2665,2,train
2448,4,train
2145,3,train
1883,3,train
1487,3,train
2320,4,train
2441,1,train
2179,1,train
1783,1,train
2616,2,train
2399,4,train
2533,4,train
2695,2,train
2392,1,train
1996,1,train
1954,4,train
3042,2,train
2563,4,train
2167,4,train
344,1,train
3121,2,train
127,3,train
2422,1,train
2463,2,train
302,4,train
2597,2,train
2380,4,train
423,1,train
161,1,train
3375,3,train
381,4,train
3113,3,train
3509,3,train
515,4,train
2810,2,train
2414,2,train
2593,4,train
811,2,train
415,2,train
3192,3,train
594,4,train
198,4,train
2493,2,train
3326,3,train
332,4,train
2627,2,train
3622,1,train
3801,3,train
366,2,train
3143,3,train
3539,3,train
545,4,train
2840,2,train
3580,4,train
283,4,train
3701,1,train
404,1,train
882,3,train
3573,1,train
579,2,train
183,2,train
2960,3,train
362,4,train
3094,3,train
4048,1,train
4089,2,train
658,2,train
3872,4,train
1095,3,train
3390,1,train
792,2,train
396,2,train
3610,4,train
4006,4,train
179,4,train
2911,3,train
3307,3,train
3348,4,train
3469,1,train
871,2,train
475,2,train
912,3,train
3207,1,train
4085,4,train
213,2,train
3386,3,train
347,2,train
3561,4,train
4078,1,train
3682,1,train
1521,3,train
3816,1,train
3420,1,train
822,2,train
863,3,train
3554,1,train
3640,4,train
560,2,train
3337,3,train
3774,4,train
4036,4,train
1421,1,train
1555,1,train
1338,3,train
4070,2,train
3237,1,train
639,2,train
3767,1,train
3987,4,train
3591,4,train
1768,1,train
1551,3,train
3846,1,train
1289,3,train
893,3,train
1330,4,train
4066,4,train
3804,4,train
3408,4,train
1585,1,train
1368,3,train
1805,4,train
1543,4,train
710,3,train
844,3,train
4017,4,train
2060,1,train
1664,1,train
1536,1,train
1622,4,train
2018,4,train
3917,2,train
923,3,train
1360,4,train
4051,2,train
1057,3,train
2052,2,train
1219,1,train
1353,1,train
1969,4,train
4047,4,train
1432,1,train
1869,2,train
2048,4,train
1786,4,train
1524,4,train
958,1,validate
3339,2,validate
782,4,validate
2478,2,validate
3256,4,validate
3819,1,validate
825,2,validate
167,2,validate
2944,3,validate
346,4,validate
1553,3,validate
296,3,validate
3502,1,validate
2033,2,validate
2895,2,validate
3807,4,validate
805,1,validate
2845,1,validate
1454,1,validate
3886,4,validate
806,2,validate
2233,4,validate
3533,2,validate
539,3,validate
2713,3,validate
3321,2,validate
2663,2,validate
2446,4,validate
1451,4,validate
1189,4,validate
3484,1,validate
1089,2,validate
1006,4,validate
1140,4,validate
1655,4,validate
3392,3,validate
398,4,validate
3130,3,validate
2085,2,validate
2997,4,validate
1782,1,validate
2002,4,validate
1169,3,validate
3605,3,validate
3209,3,validate
1344,4,validate
3343,3,validate
2644,2,validate
957,3,validate
1253,2,validate
1861,1,validate
1599,1,validate
1819,4,validate
645,2,validate
1557,4,validate
1466,2,validate
1507,3,validate
462,2,validate
2461,1,validate
3635,3,validate
1770,4,validate
379,4,validate
2419,4,validate
546,1,validate
3502,4,validate
3931,1,validate
67,3,validate
675,2,validate
2279,2,validate
1325,3,validate
2711,4,validate
2845,4,validate
1234,1,validate
4052,3,validate
1454,4,validate
796,4,validate
3833,1,validate
2704,1,validate
839,2,validate
2442,1,validate
3395,4,validate
1051,1,validate
1488,2,validate
2266,4,validate
3091,1,validate
2829,1,validate
1009,4,validate
1438,1,validate
1617,3,validate
1093,3,validate
2696,2,validate
2393,1,validate
1305,2,validate
2217,4,validate
3438,1,validate
2959,3,validate
2301,3,validate
394,1,validate
1609,4,validate
910,3,validate
218,4,validate
2430,4,validate
1256,2,validate
4033,3,validate
3213,4,validate
211,1,validate
431,4,validate
3900,4,validate
1731,2,validate
2247,4,validate
3072,1,validate
3984,3,validate
2118,2,validate
861,2,validate
1639,4,validate
248,4,validate
2939,2,validate
3073,2,validate
2460,4,validate
1420,2,validate
2806,3,validate
1632,1,validate
678,2,validate
1590,4,validate
2931,3,validate
1936,3,validate
2544,2,validate
3751,1,validate
1449,1,validate
495,2,validate
674,4,validate
2232,1,validate
412,4,validate
3144,3,validate
2015,3,validate
546,4,validate
150,4,validate
4014,2,validate
2757,2,validate
1796,1,validate
405,1,validate
1054,1,validate
1966,3,validate
3703,2,validate
3915,1,validate
921,2,validate
3653,1,validate
1055,2,validate
1437,4,validate
2482,4,validate
3520,2,validate
130,3,validate
1175,3,validate
872,2,validate
2475,1,validate
2079,1,validate
3091,4,validate
2829,4,validate
89,1,validate
2130,3,validate
1438,4,validate
1042,4,validate
2342,2,validate
2292,1,validate
2512,4,validate
2250,4,validate
1684,1,validate
2992,3,validate
31,1,validate
3071,3,validate
1156,3,validate
894,3,validate
202,4,validate
3805,4,validate
1502,2,validate
3542,2,validate
3239,1,validate
245,2,validate
1023,4,validate
3926,1,validate
973,3,validate
3409,3,validate
711,2,validate
12,1,validate
2923,2,validate
2365,3,validate
1270,2,validate
3751,4,validate
2873,1,validate
1449,4,validate
3489,4,validate
1482,1,validate
1616,1,validate
2232,4,validate
2661,1,validate
2265,1,validate
2444,3,validate
142,3,validate
1745,2,validate
1483,2,validate
2091,1,validate
3652,3,validate
3256,3,validate
2478,1,validate
2261,3,validate
825,1,validate
1045,4,validate
3299,1,validate
346,3,validate
3257,4,validate
389,1,validate
2033,1,validate
2515,4,validate
1258,4,validate
2820,2,validate
2079,4,validate
2904,1,validate
3857,4,validate
2466,4,validate
2163,3,validate
1684,4,validate
806,1,validate
1288,4,validate
2417,4,validate
1026,4,validate
31,4,validate
539,2,validate
2713,2,validate
3321,1,validate
802,3,validate
3279,4,validate
1847,3,validate
1451,3,validate
1189,3,validate
3534,1,validate
1232,1,validate
2447,4,validate
1798,3,validate
1839,4,validate
1140,3,validate
145,3,validate
2185,3,validate
1486,2,validate
3006,3,validate
12,4,validate
2956,2,validate
2002,3,validate
3605,2,validate
2873,4,validate
1482,4,validate
2131,4,validate
957,2,validate
2265,4,validate
3868,3,validate
612,4,validate
2215,3,validate
958,3,validate
3339,4,validate
1466,1,validate
1600,1,validate
3382,2,validate
3819,3,validate
825,4,validate
3635,2,validate
167,4,validate
1770,3,validate
379,3,validate
3502,3,validate
2033,4,validate
2279,1,validate
2895,4,validate
805,3,validate
2845,3,validate
1454,3,validate
106,1,validate
839,1,validate
3533,4,validate
2359,2,validate
4096,1,validate
1617,2,validate
1314,1,validate
2663,4,validate
2959,2,validate
3567,1,validate
1089,4,validate
2127,1,validate
1731,1,validate
2085,4,validate
3335,1,validate
2644,4,validate
3073,1,validate
1253,4,validate
1861,3,validate
1420,1,validate
1599,3,validate
3202,2,validate
2806,2,validate
645,4,validate
1466,4,validate
292,2,validate
1895,1,validate
1337,2,validate
504,1,validate
2544,1,validate
638,1,validate
462,4,validate
2461,3,validate
674,3,validate
3365,1,validate
2807,2,validate
546,3,validate
4014,1,validate
1846,1,validate
3931,3,validate
2757,1,validate
675,4,validate
1579,2,validate
4015,2,validate
1367,2,validate
3703,1,validate
2279,4,validate
1055,1,validate
1234,3,validate
2837,2,validate
3183,1,validate
922,2,validate
1700,4,validate
3833,3,validate
2704,3,validate
839,4,validate
2442,3,validate
872,1,validate
1354,4,validate
1051,3,validate
1488,4,validate
3091,3,validate
2829,3,validate
2130,2,validate
1438,3,validate
3175,2,validate
2342,1,validate
2696,4,validate
2393,3,validate
1305,4,validate
2992,2,validate
394,3,validate
2689,1,validate
1122,4,validate
1256,4,validate
3071,2,validate
1165,2,validate
2768,1,validate
211,3,validate
1731,4,validate
2160,1,validate
3805,3,validate
3072,3,validate
2118,4,validate
3680,2,validate
245,1,validate
861,4,validate
2939,4,validate
374,2,validate
1420,4,validate
1935,4,validate
1632,3,validate
458,1,validate
3235,2,validate
678,4,validate
3581,1,validate
2190,1,validate
2365,2,validate
2544,4,validate
3751,3,validate
1449,3,validate
3489,3,validate
495,4,validate
3186,2,validate
1795,2,validate
2232,3,validate
1533,2,validate
4014,4,validate
2444,2,validate
142,2,validate
1745,1,validate
1483,1,validate
2008,2,validate
1054,3,validate
3703,4,validate
3915,3,validate
921,4,validate
3653,3,validate
3562,1,validate
2608,2,validate
3520,4,validate
2820,1,validate
2954,1,validate
872,4,validate
2475,3,validate
2079,3,validate
2163,2,validate
2342,4,validate
1776,1,validate
2292,3,validate
1684,3,validate
2984,1,validate
31,3,validate
74,1,validate
3980,2,validate
1198,2,validate
3634,2,validate
802,2,validate
1847,2,validate
1502,4,validate
2327,1,validate
3542,4,validate
3239,3,validate
245,4,validate
1889,4,validate
3926,3,validate
1798,2,validate
1495,1,validate
145,2,validate
711,4,validate
3006,2,validate
12,3,validate
2923,4,validate
1270,4,validate
2873,3,validate
1482,3,validate
1616,3,validate
2661,3,validate
1828,2,validate
3827,1,validate
3868,2,validate
2265,3,validate
1745,4,validate
612,3,validate
1483,4,validate
917,1,validate
958,2,validate
2478,3,validate
3382,1,validate
3819,2,validate
825,3,validate
3299,3,validate
2033,3,validate
126,1,validate
2725,1,validate
2895,3,validate
805,2,validate
3200,1,validate
806,3,validate
1414,2,validate
3533,3,validate
539,4,validate
2713,4,validate
369,1,validate
3321,3,validate
3230,1,validate
3534,3,validate
3484,2,validate
2785,1,validate
1486,4,validate
2956,4,validate
1782,2,validate
1169,4,validate
3605,4,validate
2865,2,validate
3343,4,validate
999,1,validate
2644,3,validate
1253,3,validate
957,4,validate
2257,2,validate
1861,2,validate
1599,2,validate
3202,1,validate
2341,1,validate
1212,1,validate
1466,3,validate
292,1,validate
1600,3,validate
1337,1,validate
2420,1,validate
2461,2,validate
3635,4,validate
2807,1,validate
3678,2,validate
634,2,validate
4015,1,validate
2109,1,validate
1417,2,validate
1367,1,validate
2279,3,validate
1325,4,validate
3579,1,validate
1234,2,validate
2837,1,validate
323,1,validate
3833,2,validate
2704,2,validate
106,3,validate
2401,1,validate
2442,2,validate
839,3,validate
1051,2,validate
2359,4,validate
4096,3,validate
1617,4,validate
1314,3,validate
1093,4,validate
2393,2,validate
3438,2,validate
1744,1,validate
2959,4,validate
790,2,validate
394,2,validate
3567,3,validate
1215,2,validate
1561,1,validate
1165,1,validate
2127,3,validate
1731,3,validate
3984,4,validate
3680,1,validate
3814,1,validate
1512,1,validate
861,3,validate
3335,3,validate
2939,3,validate
3073,3,validate
1420,3,validate
3202,4,validate
2806,4,validate
1632,2,validate
2374,1,validate
292,4,validate
1895,3,validate
721,1,validate
1936,4,validate
1337,4,validate
504,3,validate
2544,3,validate
3582,1,validate
3186,1,validate
3365,3,validate
2807,4,validate
4014,3,validate
1846,3,validate
2757,3,validate
1796,2,validate
1579,4,validate
405,2,validate
4015,4,validate
2008,1,validate
1013,1,validate
1054,2,validate
1966,4,validate
3703,3,validate
3915,2,validate
921,3,validate
3612,1,validate
618,2,validate
1055,3,validate
2837,4,validate
3520,3,validate
922,4,validate
872,3,validate
2475,2,validate
781,1,validate
89,2,validate
2130,4,validate
3175,4,validate
2342,3,validate
435,1,validate
173,1,validate
3296,1,validate
1431,2,validate
2992,4,validate
2689,3,validate
3980,1,validate
3071,4,validate
1165,4,validate
2768,3,validate
1198,1,validate
3634,1,validate
2160,3,validate
1502,3,validate
1199,2,validate
3680,4,validate
3239,2,validate
245,3,validate
1545,1,validate
3926,2,validate
374,4,validate
3714,2,validate
3015,1,validate
458,3,validate
3235,4,validate
1362,1,validate
3581,3,validate
105,1,validate
2882,2,validate
2190,3,validate
2923,3,validate
1150,1,validate
754,1,validate
2365,4,validate
3186,4,validate
1616,2,validate
1795,4,validate
2661,2,validate
1533,4,validate
2444,4,validate
142,4,validate
1745,3,validate
1483,3,validate
2091,2,validate
2008,4,validate
3652,4,validate
2261,4,validate
3957,2,validate
3299,2,validate
389,2,validate
3562,3,validate
2608,4,validate
3512,2,validate
2820,3,validate
2954,3,validate
2904,2,validate
1647,2,validate
2163,4,validate
3725,2,validate
1726,2,validate
1464,2,validate
3201,1,validate
2984,3,validate
1414,1,validate
3980,4,validate
1198,4,validate
802,4,validate
1847,4,validate
2327,3,validate
3534,2,validate
1232,2,validate
1798,4,validate
321,1,validate
3098,2,validate
145,4,validate
970,1,validate
2185,4,validate
1486,3,validate
3006,4,validate
3831,1,validate
2956,3,validate
1183,1,validate
3261,1,validate
2865,1,validate
2569,2,validate
1828,4,validate
3827,3,validate
2653,1,validate
2257,1,validate
3868,4,validate
2391,1,validate
1262,1,validate
2215,4,validate
958,4,validate
430,1,validate
1600,2,validate
3382,3,validate
3819,4,validate
3990,2,validate
2337,2,validate
3678,1,validate
2683,1,validate
126,3,validate
634,1,validate
1417,1,validate
2725,3,validate
3021,1,validate
805,4,validate
1110,2,validate
106,2,validate
1414,4,validate
1581,1,validate
452,1,validate
2359,3,validate
4096,2,validate
2268,1,validate
1314,2,validate
2056,1,validate
665,1,validate
141,1,validate
790,1,validate
3567,2,validate
3484,4,validate
8,2,validate
2785,3,validate
1215,1,validate
2127,2,validate
1782,4,validate
1216,1,validate
999,3,validate
3335,2,validate
1775,1,validate
1861,4,validate
2257,4,validate
1599,4,validate
2424,1,validate
3202,3,validate
292,3,validate
1895,2,validate
1337,3,validate
504,2,validate
638,2,validate
2420,3,validate
2461,4,validate
3365,2,validate
2807,3,validate
1846,2,validate
3845,1,validate
3931,4,validate
634,4,validate
2192,1,validate
1579,3,validate
68,1,validate
2109,3,validate
4015,3,validate
1417,4,validate
1367,3,validate
3579,3,validate
1276,1,validate
1713,2,validate
618,1,validate
1234,4,validate
2837,3,validate
2534,2,validate
3183,2,validate
922,3,validate
3833,4,validate
2222,1,validate
2704,4,validate
2442,4,validate
1227,1,validate
1051,4,validate
3175,3,validate
1743,2,validate
2393,4,validate
3438,4,validate
1431,1,validate
3905,1,validate
911,2,validate
790,4,validate
394,4,validate
2689,2,validate
565,2,validate
1215,4,validate
649,1,validate
1561,3,validate
1165,3,validate
3164,2,validate
2768,2,validate
211,4,validate
2160,2,validate
3072,4,validate
1199,1,validate
3680,3,validate
204,1,validate
3814,3,validate
1462,2,validate
374,3,validate
2070,1,validate
3714,1,validate
1632,4,validate
458,2,validate
3235,3,validate
2374,3,validate
3977,2,validate
3581,2,validate
2882,1,validate
2190,2,validate
721,3,validate
3582,3,validate
3186,3,validate
1279,1,validate
1017,1,validate
1795,3,validate
1533,3,validate
2799,2,validate
2100,1,validate
1838,1,validate
3878,1,validate
884,2,validate
2487,1,validate
1796,4,validate
405,4,validate
2008,3,validate
101,1,validate
1013,3,validate
1054,4,validate
3957,1,validate
4091,1,validate
3915,4,validate
2700,1,validate
3612,3,validate
3653,4,validate
2438,1,validate
618,4,validate
1047,1,validate
3562,2,validate
2567,2,validate
2608,3,validate
3512,1,validate
2954,2,validate
1697,2,validate
2475,4,validate
781,3,validate
89,4,validate
1647,1,validate
3725,1,validate
435,3,validate
173,3,validate
1776,2,validate
2292,4,validate
3296,3,validate
1726,1,validate
1431,4,validate
1464,1,validate
469,1,validate
2984,2,validate
3118,2,validate
74,2,validate
3980,3,validate
1198,3,validate
3634,3,validate
549,2,validate
2327,2,validate
1199,4,validate
3239,4,validate
1545,3,validate
3926,4,validate
1495,2,validate
3098,1,validate
3714,4,validate
238,2,validate
3015,3,validate
1362,3,validate
2882,4,validate
754,3,validate
2569,1,validate
1616,4,validate
2661,4,validate
1828,3,validate
3827,2,validate
55,1,validate
3961,2,validate
2091,4,validate
917,2,validate
2478,4,validate
3990,1,validate
3299,4,validate
2337,1,validate
389,4,validate
126,2,validate
3512,4,validate
2725,2,validate
2904,4,validate
1647,4,validate
2289,2,validate
3200,2,validate
1943,2,validate
1110,1,validate
1726,4,validate
1464,4,validate
3201,3,validate
2368,2,validate
806,4,validate
1414,3,validate
3151,2,validate
369,2,validate
3497,1,validate
3321,4,validate
1844,1,validate
3230,2,validate
1274,1,validate
3534,4,validate
1232,4,validate
666,1,validate
3484,3,validate
8,1,validate
2785,2,validate
3789,1,validate
3527,1,validate
533,2,validate
970,3,validate
3831,3,validate
1741,2,validate
1782,3,validate
1183,3,validate
350,2,validate
2865,3,validate
2569,4,validate
999,2,validate
2653,3,validate
2257,3,validate
2391,3,validate
1262,3,validate
2341,2,validate
1212,2,validate
1600,4,validate
1296,1,validate
3990,4,validate
2420,2,validate
2554,2,validate
2337,4,validate
2900,1,validate
3678,3,validate
2683,3,validate
634,3,validate
2633,2,validate
2109,2,validate
1417,3,validate
1114,2,validate
2717,1,validate
1326,1,validate
1460,1,validate
3579,2,validate
1713,1,validate
3021,3,validate
3925,1,validate
2930,1,validate
2534,1,validate
4054,2,validate
323,2,validate
106,4,validate
2401,2,validate
1581,3,validate
452,3,validate
4096,4,validate
2268,3,validate
1314,4,validate
1743,1,validate
665,3,validate
3438,3,validate
141,3,validate
1744,2,validate
911,1,validate
615,2,validate
3743,1,validate
790,3,validate
3567,4,validate
565,1,validate
8,4,validate
1215,3,validate
1561,2,validate
3164,1,validate
2169,1,validate
1907,1,validate
2127,4,validate
2036,2,validate
1774,2,validate
3814,2,validate
1512,2,validate
1216,3,validate
3335,4,validate
3073,4,validate
1462,1,validate
3378,2,validate
2424,3,validate
2374,2,validate
3977,1,validate
1895,4,validate
721,2,validate
504,4,validate
638,4,validate
3582,2,validate
3365,4,validate
2799,1,validate
1846,4,validate
3845,3,validate
2757,4,validate
884,1,validate
2192,3,validate
1796,3,validate
2800,2,validate
405,3,validate
1013,2,validate
3012,1,validate
1276,3,validate
1713,4,validate
3612,2,validate
618,3,validate
1055,4,validate
3225,1,validate
2567,1,validate
3183,4,validate
2222,3,validate
1697,1,validate
781,2,validate
89,3,validate
435,2,validate
1743,4,validate
569,2,validate
173,2,validate
3296,2,validate
1431,3,validate
2993,1,validate
3905,3,validate
911,4,validate
2689,4,validate
782,2,validate
3118,1,validate
565,4,validate
2944,1,validate
2548,1,validate
3164,4,validate
2768,4,validate
1553,1,validate
1990,2,validate
2160,4,validate
549,1,validate
1199,3,validate
204,3,validate
1545,2,validate
1462,4,validate
3714,3,validate
238,1,validate
3015,2,validate
458,4,validate
3149,2,validate
1362,2,validate
3977,4,validate
3581,4,validate
105,2,validate
2882,3,validate
2190,4,validate
1150,2,validate
754,2,validate
1279,3,validate
1017,3,validate
3961,1,validate
3878,3,validate
884,4,validate
2487,3,validate
2091,3,validate
101,3,validate
3957,3,validate
4091,3,validate
2700,3,validate
1526,1,validate
2438,3,validate
135,1,validate
1047,3,validate
389,3,validate
1655,2,validate
3562,4,validate
2567,4,validate
3512,3,validate
2820,4,validate
2954,4,validate
1697,4,validate
2904,3,validate
1647,3,validate
3209,1,validate
1344,2,validate
3725,3,validate
2289,1,validate
1776,4,validate
1943,1,validate
1726,3,validate
1464,3,validate
469,3,validate
3201,2,validate
2368,1,validate
2984,4,validate
3118,4,validate
1507,1,validate
3151,1,validate
74,4,validate
1586,1,validate
67,1,validate
2327,4,validate
1232,3,validate
3577,1,validate
1495,4,validate
321,2,validate
3098,3,validate
533,1,validate
970,2,validate
4052,1,validate
3831,2,validate
796,2,validate
1741,1,validate
1183,2,validate
350,1,validate
3261,2,validate
2569,3,validate
3395,2,validate
2266,2,validate
613,2,validate
3827,4,validate
2653,2,validate
55,3,validate
3961,4,validate
2391,2,validate
1262,2,validate
1396,2,validate
917,4,validate
430,2,validate
3382,4,validate
1609,2,validate
3990,3,validate
218,2,validate
2554,1,validate
2337,3,validate
2683,2,validate
126,4,validate
2633,1,validate
2725,4,validate
1114,1,validate
2197,1,validate
1639,2,validate
3242,1,validate
248,2,validate
2289,4,validate
3021,2,validate
3200,4,validate
1943,4,validate
1110,3,validate
4054,1,validate
2368,4,validate
2931,1,validate
3151,4,validate
1581,2,validate
452,2,validate
149,1,validate
369,4,validate
3497,3,validate
2268,2,validate
3709,2,validate
1844,3,validate
3230,4,validate
2056,2,validate
1357,1,validate
665,2,validate
141,2,validate
2877,2,validate
615,1,validate
666,3,validate
2269,2,validate
8,3,validate
1570,1,validate
2785,4,validate
3527,3,validate
3739,2,validate
1437,2,validate
829,2,validate
1741,4,validate
130,1,validate
2036,1,validate
2170,1,validate
1774,1,validate
350,4,validate
1175,1,validate
1216,2,validate
999,4,validate
2299,2,validate
1775,2,validate
3378,1,validate
2424,2,validate
2341,4,validate
1212,4,validate
2250,2,validate
3853,1,validate
1296,3,validate
638,3,validate
1642,2,validate
2420,4,validate
2554,4,validate
335,1,validate
3845,2,validate
2633,4,validate
2192,2,validate
68,2,validate
2800,1,validate
2109,4,validate
202,2,validate
1114,4,validate
2717,3,validate
1326,3,validate
1367,4,validate
3579,4,validate
1276,2,validate
1713,3,validate
973,1,validate
1410,2,validate
3925,3,validate
2534,3,validate
3183,3,validate
4054,4,validate
323,4,validate
2222,2,validate
2401,4,validate
1227,2,validate
1743,3,validate
569,1,validate
1178,2,validate
3905,2,validate
1744,4,validate
911,3,validate
615,4,validate
782,1,validate
3693,2,validate
565,3,validate
3256,1,validate
1045,2,validate
649,2,validate
1561,4,validate
3164,3,validate
1990,1,validate
2169,3,validate
1907,3,validate
2515,2,validate
2036,4,validate
1774,4,validate
204,2,validate
3814,4,validate
1512,4,validate
1462,3,validate
2070,2,validate
3807,1,validate
3149,1,validate
2374,4,validate
3977,3,validate
721,4,validate
3886,1,validate
2233,1,validate
3582,4,validate
1279,2,validate
1017,2,validate
2799,3,validate
2100,2,validate
1838,2,validate
3878,2,validate
884,3,validate
2446,1,validate
2487,2,validate
101,2,validate
1013,4,validate
3012,3,validate
4091,2,validate
3096,2,validate
2700,2,validate
3612,4,validate
2438,2,validate
1006,1,validate
1047,2,validate
1655,1,validate
2567,3,validate
398,1,validate
1697,3,validate
2997,1,validate
3,2,validate
781,4,validate
1344,1,validate
435,4,validate
569,4,validate
173,4,validate
1776,3,validate
3296,4,validate
2993,3,validate
1819,1,validate
1557,1,validate
469,2,validate
3118,3,validate
1424,2,validate
33,2,validate
74,3,validate
2548,3,validate
1770,1,validate
1990,4,validate
379,1,validate
2419,1,validate
3634,4,validate
549,3,validate
3677,2,validate
2286,2,validate
1545,4,validate
1495,3,validate
238,3,validate
3015,4,validate
3149,4,validate
2711,1,validate
1362,4,validate
796,1,validate
105,4,validate
1150,4,validate
754,4,validate
2316,2,validate
3395,1,validate
2266,1,validate
1009,1,validate
613,1,validate
3961,3,validate
55,2,validate
1396,1,validate
2267,2,validate
917,3,validate
2217,1,validate
1609,1,validate
2084,2,validate
218,1,validate
1526,3,validate
135,3,validate
2430,1,validate
3213,1,validate
431,1,validate
3900,1,validate
2247,1,validate
1639,1,validate
248,1,validate
2289,3,validate
3200,3,validate
2460,1,validate
1943,3,validate
3201,4,validate
1590,1,validate
2368,3,validate
3151,3,validate
1719,2,validate
369,3,validate
3497,2,validate
3709,1,validate
674,1,validate
1844,2,validate
1586,3,validate
412,1,validate
3230,3,validate
150,1,validate
1274,2,validate
2877,1,validate
666,2,validate
2269,1,validate
3577,3,validate
321,4,validate
3789,2,validate
3527,2,validate
533,3,validate
2532,2,validate
970,4,validate
3739,1,validate
1437,1,validate
2482,1,validate
3831,4,validate
829,1,validate
1700,2,validate
1741,3,validate
1183,4,validate
350,3,validate
3261,4,validate
1354,2,validate
2865,4,validate
2299,1,validate
613,4,validate
2653,4,validate
1042,1,validate
2391,4,validate
1262,4,validate
1396,4,validate
2300,2,validate
2341,3,validate
1212,3,validate
2038,2,validate
2512,1,validate
2250,1,validate
430,4,validate
1296,2,validate
1642,1,validate
2554,3,validate
1122,2,validate
2900,2,validate
3678,4,validate
2683,4,validate
2633,3,validate
202,1,validate
1114,3,validate
3805,1,validate
2717,2,validate
1722,2,validate
1326,2,validate
2197,3,validate
1023,1,validate
1460,2,validate
3242,3,validate
3021,4,validate
1410,1,validate
3925,2,validate
2930,2,validate
1935,2,validate
1673,2,validate
4054,3,validate
282,2,validate
323,3,validate
2401,3,validate
1581,4,validate
452,4,validate
149,3,validate
2268,4,validate
3489,1,validate
3709,4,validate
2056,4,validate
1178,1,validate
1357,3,validate
665,4,validate
141,4,validate
2877,4,validate
1744,3,validate
615,3,validate
3743,2,validate
3693,1,validate
2269,4,validate
1570,3,validate
3173,2,validate
1045,1,validate
3739,4,validate
3257,1,validate
2169,2,validate
1907,2,validate
2515,1,validate
829,4,validate
1258,1,validate
2036,3,validate
2170,3,validate
1774,3,validate
1216,4,validate
1512,3,validate
2516,2,validate
2299,4,validate
3857,1,validate
2466,1,validate
1775,4,validate
3378,3,validate
2424,4,validate
3853,3,validate
2417,1,validate
1288,1,validate
1026,1,validate
1642,4,validate
335,3,validate
3845,4,validate
3279,1,validate
2192,4,validate
285,2,validate
68,4,validate
2800,3,validate
3012,2,validate
3146,2,validate
2447,1,validate
1889,2,validate
3096,1,validate
1276,4,validate
1410,4,validate
1839,1,validate
3225,2,validate
577,2,validate
2222,4,validate
1227,4,validate
3,1,validate
569,3,validate
2131,1,validate
1178,4,validate
612,1,validate
2993,2,validate
3905,4,validate
3339,1,validate
782,3,validate
3693,4,validate
1424,1,validate
33,1,validate
167,1,validate
649,4,validate
2548,2,validate
2944,2,validate
1553,2,validate
1990,3,validate
296,2,validate
3677,1,validate
2286,1,validate
204,4,validate
2070,4,validate
2895,1,validate
3807,3,validate
3149,3,validate
105,3,validate
1150,3,validate
3886,3,validate
2316,1,validate
2233,3,validate
1279,4,validate
3533,1,validate
1017,4,validate
2100,4,validate
1838,4,validate
2663,1,validate
2267,1,validate
3878,4,validate
2446,3,validate
2487,4,validate
101,4,validate
3957,4,validate
4091,4,validate
2084,1,validate
3096,4,validate
2700,4,validate
1089,1,validate
1526,2,validate
2438,4,validate
135,2,validate
1006,3,validate
1047,4,validate
1655,3,validate
3392,2,validate
398,3,validate
3130,2,validate
2085,1,validate
2997,3,validate
3,4,validate
1169,2,validate
3209,2,validate
1344,3,validate
3343,2,validate
3725,4,validate
2644,1,validate
1253,1,validate
1819,3,validate
645,1,validate
1557,3,validate
469,4,validate
1507,2,validate
1424,4,validate
1719,1,validate
33,4,validate
462,1,validate
2419,3,validate
1586,2,validate
67,2,validate
3677,4,validate
2286,4,validate
675,1,validate
3577,2,validate
321,3,validate
3098,4,validate
1325,2,validate
2532,1,validate
2711,3,validate
4052,2,validate
796,3,validate
1700,1,validate
2316,4,validate
3261,3,validate
1354,1,validate
3395,3,validate
2266,3,validate
1488,1,validate
1009,3,validate
613,3,validate
55,4,validate
1396,3,validate
2267,4,validate
1093,2,validate
2696,1,validate
2300,1,validate
1305,1,validate
2038,1,validate
430,3,validate
2301,2,validate
1609,3,validate
2084,4,validate
910,2,validate
218,3,validate
1122,1,validate
2430,3,validate
1256,1,validate
4033,2,validate
3213,3,validate
431,3,validate
3900,3,validate
2247,3,validate
3984,2,validate
2118,1,validate
1722,1,validate
2197,2,validate
861,1,validate
1639,3,validate
3242,2,validate
248,3,validate
2939,1,validate
2460,3,validate
1110,4,validate
1935,1,validate
1673,1,validate
678,1,validate
282,1,validate
1590,3,validate
2931,2,validate
1936,2,validate
1719,4,validate
149,2,validate
3497,4,validate
495,1,validate
3709,3,validate
1844,4,validate
412,3,validate
3144,2,validate
2015,2,validate
2056,3,validate
150,3,validate
1357,2,validate
1274,4,validate
2877,3,validate
666,4,validate
2269,3,validate
1966,2,validate
1570,2,validate
3173,1,validate
3789,4,validate
3527,4,validate
2532,4,validate
921,1,validate
3739,3,validate
1437,3,validate
2482,3,validate
829,3,validate
3520,1,validate
130,2,validate
2170,2,validate
1175,2,validate
2516,1,validate
2299,3,validate
1775,3,validate
1042,3,validate
2300,4,validate
2038,4,validate
2512,3,validate
2250,3,validate
3853,2,validate
1296,4,validate
1642,3,validate
2900,4,validate
335,2,validate
285,1,validate
1156,2,validate
68,3,validate
894,2,validate
202,3,validate
2717,4,validate
1502,1,validate
3542,1,validate
3146,1,validate
1722,4,validate
1326,4,validate
1023,3,validate
1460,4,validate
1889,1,validate
973,2,validate
3409,2,validate
1410,3,validate
3925,4,validate
2930,4,validate
2534,4,validate
1673,4,validate
577,1,validate
282,4,validate
711,1,validate
1227,3,validate
2923,1,validate
1270,1,validate
1178,3,validate
3743,4,validate
3652,2,validate
3256,2,validate
3693,3,validate
2261,2,validate
3173,4,validate
1045,3,validate
649,3,validate
346,2,validate
3257,3,validate
2169,4,validate
1907,4,validate
296,1,validate
2515,3,validate
1258,3,validate
2516,4,validate
3857,3,validate
2466,3,validate
2070,3,validate
3807,2,validate
3886,2,validate
2417,3,validate
1288,3,validate
1026,3,validate
2233,2,validate
539,1,validate
2713,1,validate
2799,4,validate
2100,3,validate
1838,3,validate
3279,3,validate
2446,2,validate
285,4,validate
1451,2,validate
1189,2,validate
3012,4,validate
3146,4,validate
2447,3,validate
3096,3,validate
1839,3,validate
1006,2,validate
1140,2,validate
3225,4,validate
2185,2,validate
3392,1,validate
1486,1,validate
398,2,validate
3130,1,validate
577,4,validate
2956,1,validate
2997,2,validate
3,3,validate
2002,2,validate
1169,1,validate
3605,1,validate
3343,1,validate
2131,3,validate
957,1,validate
2215,2,validate
1819,2,validate
2993,4,validate
1557,2,validate
3339,3,validate
1424,3,validate
33,3,validate
3635,1,validate
167,3,validate
1770,2,validate
2944,4,validate
2548,4,validate
1553,4,validate
379,2,validate
2419,2,validate
296,4,validate
3502,2,validate
3677,3,validate
549,4,validate
2286,3,validate
1325,1,validate
238,4,validate
2711,2,validate
2845,2,validate
1454,2,validate
2316,3,validate
2359,1,validate
1009,2,validate
1617,1,validate
2663,3,validate
2267,3,validate
1093,1,validate
2217,2,validate
2959,1,validate
2301,1,validate
2084,3,validate
910,1,validate
1089,3,validate
1526,4,validate
135,4,validate
2430,2,validate
4033,1,validate
3213,2,validate
3392,4,validate
3130,4,validate
431,2,validate
3900,2,validate
2247,2,validate
2085,3,validate
3984,1,validate
3209,4,validate
2460,2,validate
2806,1,validate
645,3,validate
1590,2,validate
1507,4,validate
1936,1,validate
1719,3,validate
462,3,validate
674,2,validate
1586,4,validate
412,2,validate
3144,1,validate
2015,1,validate
546,2,validate
150,2,validate
3931,2,validate
67,4,validate
1274,3,validate
675,3,validate
1579,1,validate
3577,4,validate
1966,1,validate
3789,3,validate
533,4,validate
2532,3,validate
4052,4,validate
2482,2,validate
922,1,validate
1700,3,validate
1354,3,validate
1488,3,validate
3091,2,validate
2829,2,validate
2130,1,validate
1438,2,validate
1042,2,validate
3175,1,validate
2696,3,validate
2300,3,validate
1305,3,validate
2038,3,validate
2512,2,validate
2992,1,validate
2301,4,validate
910,4,validate
1122,3,validate
1256,3,validate
4033,4,validate
2900,3,validate
3071,1,validate
211,2,validate
1156,1,validate
894,1,validate
3805,2,validate
3072,2,validate
2118,3,validate
1722,3,validate
2197,4,validate
1023,2,validate
1460,3,validate
3242,4,validate
3409,1,validate
374,1,validate
2930,3,validate
1935,3,validate
1673,3,validate
3235,1,validate
678,3,validate
282,3,validate
2931,4,validate
2365,1,validate
149,4,validate
3751,2,validate
1449,2,validate
3489,2,validate
495,3,validate
1795,1,validate
2232,2,validate
3144,4,validate
1533,1,validate
2015,4,validate
2444,1,validate
1357,4,validate
142,1,validate
3743,3,validate
3652,1,validate
2261,1,validate
1570,4,validate
3173,3,validate
346,1,validate
3653,2,validate
3257,2,validate
2608,1,validate
1258,2,validate
130,4,validate
2170,4,validate
1175,4,validate
2079,2,validate
2516,3,validate
3857,2,validate
2466,2,validate
2163,1,validate
3378,4,validate
2292,2,validate
3853,4,validate
1684,2,validate
1288,2,validate
2417,2,validate
1026,2,validate
31,2,validate
335,4,validate
802,1,validate
3279,2,validate
285,3,validate
1847,1,validate
1156,4,validate
1451,1,validate
2800,4,validate
894,4,validate
1189,1,validate
3542,3,validate
3146,3,validate
2447,2,validate
1889,3,validate
973,4,validate
3409,4,validate
1798,1,validate
1839,2,validate
1140,1,validate
3225,3,validate
145,1,validate
2185,1,validate
577,3,validate
711,3,validate
3006,1,validate
12,2,validate
2002,1,validate
1270,3,validate
2873,2,validate
1482,2,validate
2131,2,validate
1828,1,validate
2265,2,validate
3868,1,validate
612,2,validate
2215,1,validate
741,3,test
345,3,test
2082,2,test
1999,4,test
388,1,test
2428,1,test
2386,4,test
2083,3,test
246,2,test
3856,4,test
380,2,test
3594,4,test
2203,4,test
3765,2,test
2246,2,test
2458,1,test
593,2,test
3757,3,test
1159,4,test
326,3,test
2366,3,test
3800,1,test
2891,4,test
1321,2,test
64,2,test
2796,1,test
2226,1,test
1668,2,test
1272,2,test
3271,1,test
277,2,test
3009,1,test
2014,1,test
361,1,test
3088,1,test
1223,2,test
3222,1,test
2093,1,test
1569,1,test
2872,4,test
307,2,test
2694,3,test
391,1,test
1303,3,test
3555,2,test
3689,2,test
2856,1,test
1902,2,test
3422,3,test
342,1,test
428,4,test
1986,1,test
857,1,test
595,1,test
378,3,test
2377,2,test
3718,1,test
1416,1,test
641,4,test
2936,2,test
2199,1,test
1982,3,test
3585,2,test
2066,2,test
4065,1,test
4023,4,test
1283,1,test
1241,4,test
492,2,test
2229,1,test
2146,3,test
3487,2,test
2358,2,test
4095,1,test
1101,2,test
1538,3,test
3437,1,test
2796,4,test
1185,1,test
3700,2,test
3008,3,test
706,3,test
2746,3,test
2958,2,test
310,2,test
3904,2,test
2775,2,test
523,2,test
3384,2,test
1123,3,test
3163,3,test
1073,2,test
3030,4,test
3376,3,test
1370,1,test
1986,4,test
857,4,test
595,4,test
1103,2,test
807,3,test
3718,4,test
3802,3,test
841,1,test
2149,3,test
3752,2,test
1491,3,test
758,3,test
3053,1,test
100,3,test
667,1,test
3881,3,test
363,4,test
575,3,test
313,3,test
2262,1,test
2878,4,test
788,3,test
51,2,test
2525,2,test
3437,4,test
3866,1,test
3952,4,test
4086,4,test
2609,1,test
3824,4,test
1863,4,test
131,3,test
3641,4,test
4037,4,test
2646,4,test
2384,4,test
3550,2,test
1205,3,test
3500,1,test
3896,1,test
210,3,test
2639,1,test
1248,1,test
2201,4,test
294,2,test
1206,4,test
2809,3,test
1855,4,test
2718,1,test
2759,2,test
1764,2,test
2676,4,test
2280,4,test
507,2,test
548,3,test
3325,4,test
1240,2,test
3459,4,test
1452,1,test
1806,4,test
3056,1,test
840,4,test
1665,1,test
1623,4,test
3531,1,test
316,3,test
3052,3,test
3093,4,test
3918,1,test
2831,4,test
841,4,test
2740,2,test
3177,3,test
874,1,test
741,2,test
438,1,test
2874,1,test
1391,4,test
1221,1,test
1999,3,test
2345,2,test
1646,1,test
2083,2,test
2262,4,test
3865,3,test
1300,1,test
3815,2,test
43,1,test
3765,1,test
2246,1,test
1251,1,test
2204,4,test
593,1,test
3287,4,test
1159,3,test
856,2,test
3633,3,test
3674,4,test
2459,1,test
2891,3,test
3025,3,test
3500,4,test
3929,1,test
4063,1,test
3450,3,test
1281,1,test
843,4,test
1668,1,test
977,4,test
277,1,test
1148,2,test
1626,4,test
3838,4,test
2143,1,test
1452,4,test
1881,1,test
3401,2,test
2872,3,test
307,1,test
1656,4,test
3218,2,test
399,4,test
2694,2,test
3564,1,test
2477,4,test
1303,2,test
3302,1,test
745,3,test
3689,1,test
874,4,test
3253,1,test
2082,4,test
471,1,test
209,1,test
2428,3,test
1254,1,test
2469,4,test
641,3,test
2936,1,test
1383,2,test
1121,2,test
246,4,test
380,4,test
2853,2,test
4023,3,test
3765,4,test
1892,1,test
1200,2,test
938,2,test
2458,3,test
1284,1,test
593,4,test
1108,4,test
2804,2,test
2146,2,test
3883,1,test
3487,1,test
2358,1,test
1101,1,test
1538,2,test
1235,1,test
1321,4,test
64,4,test
2796,3,test
3700,1,test
3008,2,test
706,2,test
2746,2,test
2226,3,test
1668,4,test
1272,4,test
3271,3,test
277,4,test
3009,3,test
310,1,test
2522,1,test
361,3,test
3305,1,test
3088,3,test
1223,4,test
3222,3,test
2093,3,test
523,1,test
1569,3,test
3780,1,test
3384,1,test
2297,4,test
3518,1,test
307,4,test
391,3,test
3731,1,test
3555,4,test
3689,4,test
2856,3,test
1902,4,test
425,1,test
511,4,test
1986,3,test
857,3,test
595,3,test
3110,4,test
2377,4,test
3718,3,test
1416,3,test
2936,4,test
2199,3,test
3802,2,test
371,2,test
3585,4,test
2149,2,test
758,2,test
2066,4,test
4065,3,test
3881,2,test
1283,3,test
3316,1,test
363,3,test
3140,4,test
1105,2,test
492,4,test
1317,1,test
2229,3,test
2878,3,test
3487,4,test
2358,4,test
788,2,test
2787,1,test
4095,3,test
2525,1,test
3437,3,test
4045,2,test
3000,1,test
698,1,test
2958,4,test
1863,3,test
4037,3,test
131,2,test
310,4,test
2646,3,test
3904,4,test
2775,4,test
210,2,test
3813,2,test
2818,2,test
294,1,test
1206,3,test
4026,2,test
1764,1,test
1073,4,test
2676,3,test
507,1,test
3459,3,test
465,4,test
508,2,test
1370,3,test
1541,1,test
3405,4,test
1103,4,test
325,2,test
671,1,test
3052,2,test
233,4,test
841,3,test
3752,4,test
276,2,test
3053,3,test
2924,1,test
355,2,test
2092,1,test
1400,2,test
1654,4,test
2262,3,test
3865,2,test
1959,2,test
568,2,test
51,4,test
3124,4,test
222,2,test
3866,3,test
856,1,test
3633,2,test
1076,4,test
3550,4,test
3025,2,test
1119,2,test
3896,3,test
3500,3,test
3329,4,test
294,4,test
2718,3,test
2759,4,test
1148,1,test
1764,4,test
1240,4,test
2406,2,test
1452,3,test
3401,1,test
541,2,test
3056,3,test
1665,3,test
3531,3,test
966,1,test
3918,3,test
528,4,test
2740,4,test
833,2,test
874,3,test
571,2,test
3303,1,test
1912,1,test
741,4,test
3432,2,test
438,3,test
2082,3,test
1221,3,test
388,2,test
2824,2,test
2428,2,test
522,2,test
2125,1,test
2345,4,test
1646,3,test
2083,4,test
1383,1,test
1517,1,test
1121,1,test
1300,3,test
3815,4,test
1942,1,test
2853,1,test
3765,3,test
2246,3,test
1251,3,test
77,1,test
2458,2,test
593,3,test
2804,1,test
856,4,test
2459,3,test
3800,2,test
3929,3,test
64,3,test
2755,1,test
1281,3,test
2884,2,test
2226,2,test
1668,3,test
3271,2,test
1365,2,test
277,3,test
3009,2,test
1577,1,test
2014,2,test
361,2,test
2835,2,test
2143,3,test
1881,3,test
707,1,test
1223,3,test
3222,2,test
2093,2,test
3401,4,test
1790,1,test
1569,2,test
4043,2,test
1395,2,test
307,3,test
4,2,test
3218,4,test
2694,4,test
391,2,test
3564,3,test
1303,4,test
3302,3,test
3689,3,test
3860,1,test
1995,2,test
866,2,test
3336,1,test
342,2,test
3253,3,test
3727,2,test
2377,3,test
471,3,test
209,3,test
817,2,test
1254,3,test
3549,1,test
555,2,test
2936,3,test
1982,4,test
371,1,test
1383,4,test
1121,4,test
2066,3,test
4065,2,test
3366,1,test
2853,4,test
1283,2,test
1892,3,test
1200,4,test
938,4,test
1105,1,test
1284,3,test
110,1,test
585,2,test
2188,1,test
2146,4,test
931,1,test
3883,3,test
3487,3,test
2358,3,test
4095,2,test
1101,3,test
1538,4,test
1235,3,test
1709,2,test
4045,1,test
1185,2,test
3700,3,test
3008,4,test
706,4,test
2746,4,test
310,3,test
2522,3,test
3305,3,test
1477,2,test
523,3,test
2818,1,test
1299,1,test
170,1,test
3384,3,test
3780,3,test
4076,2,test
3518,3,test
1123,4,test
4026,1,test
1378,1,test
820,2,test
508,1,test
3893,1,test
425,3,test
899,2,test
2636,1,test
1458,2,test
325,1,test
807,4,test
3802,4,test
371,4,test
2149,4,test
3752,3,test
276,1,test
758,4,test
3053,2,test
4057,1,test
667,2,test
3881,4,test
3316,3,test
355,1,test
2791,1,test
3662,2,test
1400,1,test
1105,4,test
1317,3,test
2355,1,test
1959,1,test
1401,2,test
568,1,test
10,2,test
2787,3,test
788,4,test
2525,3,test
222,1,test
3866,2,test
4045,4,test
2434,1,test
2609,2,test
3000,3,test
131,4,test
3034,1,test
3550,3,test
1777,1,test
1119,1,test
3896,2,test
4030,2,test
210,4,test
3813,4,test
2639,2,test
1248,2,test
294,3,test
2809,4,test
2718,2,test
4026,4,test
1764,3,test
3064,1,test
507,3,test
2802,1,test
154,1,test
541,1,test
3056,2,test
367,1,test
325,4,test
3531,2,test
3228,1,test
671,3,test
3052,4,test
3877,1,test
1575,1,test
833,1,test
571,1,test
276,4,test
2924,3,test
3432,1,test
438,2,test
2874,2,test
355,4,test
784,1,test
1221,2,test
2824,1,test
1400,4,test
522,1,test
2345,3,test
1646,2,test
3645,1,test
3865,4,test
2388,1,test
1300,2,test
3815,3,test
735,1,test
43,2,test
3858,1,test
2205,1,test
1251,2,test
1859,1,test
856,3,test
3633,4,test
2459,2,test
3025,4,test
1119,4,test
1810,1,test
419,1,test
3929,2,test
4063,2,test
3450,4,test
1281,2,test
2884,1,test
1365,1,test
370,1,test
1148,3,test
2623,2,test
3493,1,test
2406,4,test
3231,1,test
2835,1,test
2143,2,test
237,2,test
1881,2,test
3401,3,test
541,4,test
4043,1,test
1395,1,test
4,1,test
3218,3,test
138,1,test
2915,2,test
3564,2,test
966,3,test
3302,2,test
745,4,test
4044,1,test
1050,2,test
1995,1,test
866,1,test
571,4,test
3303,3,test
1912,3,test
3253,2,test
2520,2,test
3432,4,test
3727,1,test
471,2,test
209,2,test
388,4,test
2824,4,test
2428,4,test
817,1,test
1254,2,test
2125,3,test
555,1,test
1383,3,test
1517,3,test
1121,3,test
3812,1,test
818,2,test
1942,3,test
2853,3,test
1892,2,test
1200,3,test
938,3,test
77,3,test
2458,4,test
1284,2,test
585,1,test
2804,3,test
2239,2,test
3883,2,test
3800,4,test
1893,2,test
1235,2,test
1709,1,test
2755,3,test
3363,2,test
2884,4,test
1710,2,test
1011,1,test
2226,4,test
3271,4,test
1794,1,test
3009,4,test
1577,3,test
2014,4,test
2522,2,test
361,4,test
3305,2,test
707,3,test
3088,4,test
1477,1,test
3222,4,test
2093,4,test
1569,4,test
4043,4,test
2869,2,test
1003,1,test
4076,1,test
3780,2,test
3518,2,test
171,1,test
391,4,test
820,1,test
3731,2,test
3032,1,test
2856,4,test
646,1,test
3860,3,test
1995,4,test
866,4,test
425,2,test
3161,2,test
899,1,test
3336,3,test
342,4,test
3727,4,test
1458,1,test
1416,4,test
3549,3,test
555,4,test
2199,4,test
371,3,test
1113,2,test
851,2,test
4065,4,test
3366,3,test
1283,4,test
3316,2,test
3662,1,test
1105,3,test
110,3,test
2405,1,test
585,4,test
1317,2,test
2188,3,test
2229,4,test
1401,1,test
10,1,test
2787,2,test
4095,4,test
1709,4,test
4045,3,test
273,2,test
1185,4,test
3396,2,test
3000,2,test
698,2,test
3480,1,test
3347,2,test
3085,2,test
4030,1,test
1477,4,test
303,2,test
3813,3,test
2040,1,test
2818,3,test
1299,3,test
170,3,test
4076,4,test
3510,1,test
4026,3,test
2119,1,test
1378,3,test
820,4,test
3327,1,test
508,3,test
679,1,test
1116,2,test
3893,3,test
899,4,test
1370,4,test
1541,2,test
3715,2,test
325,3,test
671,2,test
368,1,test
3095,1,test
2537,2,test
276,3,test
3053,4,test
2924,2,test
667,4,test
3308,1,test
3745,2,test
355,3,test
2092,2,test
1400,3,test
1959,3,test
1401,4,test
568,3,test
10,4,test
222,3,test
3866,4,test
2434,3,test
1260,1,test
2609,4,test
998,1,test
1910,2,test
3034,3,test
1119,3,test
3896,4,test
4030,4,test
2639,4,test
1248,4,test
2718,4,test
3064,3,test
2623,1,test
2802,3,test
2406,3,test
499,1,test
237,1,test
3148,2,test
154,3,test
541,3,test
3056,4,test
1665,4,test
188,1,test
2915,1,test
317,2,test
3531,4,test
1658,1,test
966,2,test
3877,3,test
3918,4,test
1575,3,test
1312,1,test
1050,1,test
833,3,test
571,3,test
3303,2,test
1912,2,test
1179,2,test
2916,1,test
2520,1,test
2654,1,test
3432,3,test
438,4,test
2874,4,test
784,3,test
388,3,test
2824,3,test
1221,4,test
522,3,test
2521,2,test
2125,2,test
1392,2,test
1130,2,test
1646,4,test
868,2,test
3645,3,test
1517,2,test
2388,3,test
818,1,test
1300,4,test
735,3,test
43,4,test
1942,2,test
3858,3,test
1293,1,test
2205,3,test
2246,4,test
1251,4,test
77,2,test
1859,3,test
1160,2,test
2501,1,test
2635,1,test
2239,1,test
2459,4,test
3800,3,test
1893,1,test
1810,3,test
419,3,test
3929,4,test
2755,2,test
4063,4,test
3363,1,test
1061,1,test
1281,4,test
3972,2,test
2884,3,test
2106,1,test
1710,1,test
715,1,test
1365,3,test
370,3,test
1577,2,test
2014,3,test
2623,4,test
3231,3,test
2835,3,test
2143,4,test
1881,4,test
707,2,test
1790,2,test
3265,1,test
2869,1,test
4043,3,test
1874,1,test
617,1,test
1395,3,test
4,3,test
3132,2,test
138,3,test
2915,4,test
3564,4,test
3302,4,test
3860,2,test
1995,3,test
866,3,test
3161,1,test
3336,2,test
342,3,test
3253,4,test
3727,3,test
471,4,test
209,4,test
817,3,test
1254,4,test
3549,2,test
39,1,test
555,3,test
3812,3,test
1113,1,test
851,1,test
3366,2,test
2767,2,test
1376,2,test
1892,4,test
1284,4,test
110,2,test
585,3,test
2188,2,test
931,2,test
3883,4,test
1101,4,test
1235,4,test
1709,3,test
1406,2,test
273,1,test
1185,3,test
3700,4,test
3396,1,test
1710,4,test
536,2,test
1011,3,test
3659,2,test
1794,3,test
2522,4,test
3347,1,test
3085,1,test
3305,4,test
1477,3,test
303,1,test
523,4,test
1957,2,test
2869,4,test
1299,2,test
4076,3,test
170,2,test
1003,3,test
3384,4,test
2303,1,test
3518,4,test
3780,4,test
171,3,test
1378,2,test
820,3,test
3731,4,test
3032,3,test
1116,1,test
425,4,test
3893,2,test
899,3,test
2636,2,test
1937,1,test
942,1,test
3715,1,test
1458,3,test
3803,1,test
547,2,test
2537,1,test
851,4,test
4057,2,test
667,3,test
2101,1,test
3316,4,test
3745,1,test
3662,3,test
1755,1,test
1493,1,test
2405,3,test
1317,4,test
3571,1,test
2355,2,test
1401,3,test
10,3,test
2787,4,test
2525,4,test
1310,1,test
53,1,test
2434,2,test
273,4,test
2609,3,test
3396,4,test
2914,1,test
3000,4,test
698,4,test
1785,1,test
132,1,test
2647,2,test
1910,1,test
1390,2,test
3034,2,test
1777,2,test
4030,3,test
303,4,test
2639,3,test
1248,3,test
1291,1,test
2119,3,test
683,1,test
3064,2,test
507,4,test
2802,2,test
2203,2,test
3148,1,test
550,2,test
154,2,test
3327,3,test
500,1,test
1116,4,test
3411,2,test
3757,1,test
1541,4,test
367,2,test
2366,1,test
2803,2,test
3715,4,test
317,1,test
3228,2,test
671,4,test
3877,2,test
1575,2,test
318,2,test
3095,3,test
2537,4,test
530,1,test
1179,1,test
2924,4,test
2874,3,test
3308,3,test
3745,4,test
784,2,test
2092,4,test
2521,1,test
1392,1,test
1130,1,test
868,1,test
3645,2,test
2388,2,test
2996,1,test
735,2,test
43,3,test
3858,2,test
1260,3,test
998,3,test
2601,2,test
2205,2,test
1210,2,test
2947,1,test
1859,2,test
1160,1,test
2206,2,test
1810,2,test
378,1,test
419,2,test
4063,3,test
3972,1,test
370,2,test
1148,4,test
2623,3,test
3493,2,test
499,3,test
3231,2,test
237,3,test
3148,4,test
2186,1,test
188,3,test
3132,1,test
138,2,test
2915,3,test
1008,1,test
317,4,test
1658,3,test
966,4,test
1312,3,test
4044,2,test
1742,2,test
1050,3,test
3303,4,test
1912,4,test
697,1,test
1179,4,test
2916,3,test
2520,3,test
2654,3,test
2866,2,test
2125,4,test
1130,4,test
1559,1,test
868,4,test
168,1,test
3637,1,test
1517,4,test
3812,2,test
818,3,test
1984,1,test
1942,4,test
35,2,test
2767,1,test
3163,1,test
1164,2,test
1376,1,test
1293,3,test
77,4,test
1160,4,test
2804,4,test
2501,3,test
2239,3,test
1893,3,test
1406,1,test
2755,4,test
3363,3,test
1061,3,test
2106,3,test
1710,3,test
536,1,test
715,3,test
1011,2,test
2748,1,test
3659,1,test
1794,2,test
3793,1,test
1491,1,test
1577,4,test
100,1,test
707,4,test
1790,4,test
1957,1,test
3265,3,test
2869,3,test
1003,2,test
1874,3,test
1387,1,test
3132,4,test
171,2,test
3952,2,test
3731,3,test
3032,2,test
646,2,test
3860,4,test
3161,3,test
3336,4,test
1988,2,test
3549,4,test
1205,1,test
1938,1,test
547,1,test
1592,1,test
2067,2,test
1113,3,test
851,3,test
3366,4,test
2280,2,test
110,4,test
2405,2,test
2188,4,test
19,2,test
931,4,test
273,3,test
1835,1,test
2964,1,test
3396,3,test
316,1,test
698,3,test
3093,2,test
536,4,test
2831,2,test
3480,2,test
2647,1,test
1390,1,test
832,2,test
2910,2,test
3347,3,test
3085,3,test
1391,2,test
303,3,test
2040,2,test
2818,4,test
1957,4,test
2386,1,test
1299,4,test
170,4,test
3510,2,test
2119,2,test
3856,1,test
3594,1,test
1378,4,test
2203,1,test
550,1,test
3327,2,test
2332,2,test
508,4,test
2204,2,test
679,2,test
3893,4,test
1116,3,test
3411,1,test
2636,4,test
1937,3,test
1541,3,test
2803,1,test
3674,2,test
3715,3,test
368,2,test
318,1,test
3095,2,test
3491,2,test
2537,3,test
843,2,test
4057,4,test
581,2,test
1626,2,test
3308,2,test
3745,3,test
2092,3,test
1493,3,test
2834,2,test
2355,4,test
1959,4,test
568,4,test
1310,3,test
222,4,test
1656,2,test
1260,2,test
2434,4,test
998,2,test
2601,1,test
1210,1,test
132,3,test
2864,2,test
2647,4,test
1910,3,test
3034,4,test
428,1,test
1777,4,test
2206,1,test
2469,2,test
641,1,test
1291,3,test
683,3,test
3064,4,test
2802,4,test
499,2,test
3148,3,test
1241,1,test
550,4,test
154,4,test
3756,2,test
500,3,test
3411,4,test
1108,2,test
188,2,test
367,4,test
2803,4,test
317,3,test
3445,2,test
3228,4,test
1658,2,test
3877,4,test
1575,4,test
1312,2,test
1742,1,test
318,4,test
833,4,test
530,3,test
1179,3,test
2916,2,test
614,2,test
2654,2,test
2866,1,test
784,4,test
3475,2,test
522,4,test
2521,3,test
1392,3,test
1130,3,test
868,3,test
3645,4,test
2388,4,test
2996,3,test
735,4,test
2297,2,test
1164,1,test
35,1,test
3858,4,test
1293,2,test
2601,4,test
1427,2,test
2205,4,test
3030,1,test
1210,4,test
2947,3,test
1859,4,test
1160,3,test
2501,2,test
2635,2,test
511,2,test
2206,4,test
1810,4,test
419,4,test
3110,2,test
1457,2,test
1061,2,test
3972,3,test
2106,2,test
715,2,test
1365,4,test
370,4,test
3493,4,test
3231,4,test
2835,4,test
363,1,test
3140,2,test
2186,3,test
1790,3,test
3265,2,test
1874,2,test
2878,1,test
617,2,test
1395,4,test
4,4,test
3132,3,test
138,4,test
1008,3,test
3952,1,test
4086,1,test
3824,1,test
830,2,test
4044,4,test
1742,4,test
697,3,test
1863,1,test
4037,1,test
3641,1,test
2646,1,test
2384,1,test
1988,1,test
2866,4,test
3770,2,test
39,2,test
817,4,test
1559,3,test
860,2,test
168,3,test
3637,3,test
2067,1,test
3812,4,test
2201,1,test
1984,3,test
1206,1,test
252,2,test
1855,1,test
1164,4,test
35,4,test
2330,2,test
2767,3,test
1376,3,test
2676,1,test
2280,1,test
3325,1,test
3459,1,test
465,2,test
1806,1,test
19,1,test
931,3,test
840,1,test
20,2,test
1623,1,test
1406,3,test
3405,2,test
3093,1,test
536,3,test
2831,1,test
233,2,test
1011,4,test
2748,3,test
3659,3,test
1794,4,test
3793,3,test
832,1,test
2910,1,test
1441,2,test
1391,1,test
1957,3,test
3956,2,test
1654,2,test
1003,4,test
2565,2,test
2303,2,test
1387,3,test
3124,2,test
171,4,test
3032,4,test
2332,1,test
646,4,test
2204,1,test
3287,1,test
2636,3,test
1937,2,test
942,2,test
3674,1,test
1076,2,test
1458,4,test
1988,4,test
3803,2,test
1938,3,test
547,3,test
1155,2,test
1592,3,test
3491,1,test
2067,4,test
3329,2,test
843,1,test
4057,3,test
977,1,test
581,1,test
1459,4,test
1626,1,test
2101,2,test
3838,1,test
3662,4,test
1755,2,test
1493,2,test
2405,4,test
3571,2,test
2834,1,test
19,4,test
2355,3,test
1310,2,test
53,2,test
1656,1,test
2964,3,test
1835,3,test
399,1,test
2477,1,test
1785,2,test
2914,2,test
528,2,test
132,2,test
2864,1,test
3480,4,test
2647,3,test
1390,3,test
832,4,test
2910,4,test
1777,3,test
345,2,test
2082,1,test
2040,4,test
2469,1,test
2386,3,test
1291,2,test
3510,4,test
2119,4,test
3856,3,test
246,1,test
683,2,test
380,1,test
3594,3,test
2203,3,test
550,3,test
3327,4,test
3756,1,test
2332,4,test
500,2,test
679,4,test
3411,3,test
1108,1,test
3757,2,test
326,2,test
367,3,test
2366,2,test
2803,3,test
3445,1,test
3228,3,test
1321,1,test
368,4,test
64,1,test
318,3,test
3095,4,test
3491,4,test
530,2,test
1272,1,test
581,4,test
614,1,test
3308,4,test
3475,1,test
2834,4,test
1223,1,test
2996,2,test
2297,1,test
1260,4,test
998,4,test
2601,3,test
1427,1,test
1210,3,test
2947,2,test
3555,1,test
2864,4,test
1902,1,test
511,1,test
3422,2,test
428,3,test
2206,3,test
378,2,test
3110,1,test
2377,1,test
1457,1,test
1982,2,test
3585,1,test
2066,1,test
3493,3,test
499,4,test
237,4,test
1241,3,test
3140,1,test
3756,4,test
2186,2,test
492,1,test
188,4,test
1008,2,test
3445,4,test
1658,4,test
830,1,test
1312,4,test
4044,3,test
1742,3,test
1050,4,test
2958,1,test
697,2,test
2916,4,test
2520,4,test
614,4,test
2654,4,test
2866,3,test
3475,4,test
3770,1,test
3904,1,test
2775,1,test
1559,2,test
860,1,test
3637,2,test
168,2,test
818,4,test
1984,2,test
252,1,test
1123,2,test
1164,3,test
35,3,test
2330,1,test
3163,2,test
1073,1,test
1293,4,test
1427,4,test
3030,3,test
465,1,test
3376,2,test
2501,4,test
2635,4,test
2239,4,test
1893,4,test
20,1,test
3405,1,test
1103,1,test
807,2,test
3363,4,test
1457,4,test
1061,4,test
2106,4,test
233,1,test
715,4,test
2748,2,test
3752,1,test
3793,2,test
1491,2,test
100,2,test
1441,1,test
575,2,test
313,2,test
3956,1,test
3265,4,test
1654,1,test
2565,1,test
1874,4,test
617,4,test
1387,2,test
51,1,test
3124,1,test
3952,3,test
4086,3,test
3824,3,test
830,4,test
646,3,test
3161,4,test
3641,3,test
1076,1,test
2384,3,test
1988,3,test
3550,1,test
3770,4,test
39,4,test
1205,2,test
1938,2,test
860,4,test
1155,1,test
1592,2,test
2067,3,test
3329,1,test
2201,3,test
1113,4,test
2809,2,test
252,4,test
1855,3,test
2330,4,test
2759,1,test
2280,3,test
1240,1,test
548,2,test
3325,3,test
1806,3,test
19,3,test
840,3,test
20,4,test
1623,3,test
2964,2,test
1835,2,test
316,2,test
3093,3,test
2831,3,test
528,1,test
3480,3,test
2740,1,test
3177,2,test
832,3,test
2910,3,test
3347,4,test
1441,4,test
3085,4,test
741,1,test
345,1,test
1391,3,test
1999,2,test
2040,3,test
3956,4,test
2345,1,test
2386,2,test
2083,1,test
2565,4,test
2303,4,test
3510,3,test
3815,1,test
3856,2,test
3594,2,test
2332,3,test
2204,3,test
679,3,test
3287,3,test
1159,2,test
326,1,test
1937,4,test
942,4,test
3674,3,test
2891,2,test
3803,4,test
368,3,test
1155,4,test
3450,2,test
3491,3,test
843,3,test
977,3,test
581,3,test
1626,3,test
2101,4,test
3838,3,test
1755,4,test
1493,4,test
3571,4,test
2834,3,test
1310,4,test
2872,2,test
53,4,test
1656,3,test
3218,1,test
399,3,test
2694,1,test
2477,3,test
1303,1,test
1785,4,test
2914,4,test
745,2,test
132,4,test
2864,3,test
1910,4,test
3422,1,test
428,2,test
345,4,test
2469,3,test
641,2,test
1982,1,test
1291,4,test
246,3,test
683,4,test
380,3,test
1200,1,test
1241,2,test
938,1,test
3756,3,test
500,4,test
1108,3,test
3757,4,test
2146,1,test
326,4,test
2366,4,test
3445,3,test
1538,1,test
1321,3,test
2796,2,test
3008,1,test
706,1,test
2746,1,test
530,4,test
1272,3,test
614,3,test
3475,3,test
2521,4,test
1392,4,test
3088,2,test
2996,4,test
2297,3,test
1123,1,test
1427,3,test
3030,2,test
2947,4,test
3376,1,test
3555,3,test
2856,2,test
2635,3,test
1902,3,test
511,3,test
3422,4,test
1986,2,test
857,2,test
595,2,test
378,4,test
3110,3,test
807,1,test
3718,2,test
1416,2,test
1457,3,test
3972,4,test
2199,2,test
3802,1,test
3585,3,test
2149,1,test
758,1,test
3881,1,test
363,2,test
3140,3,test
2186,4,test
575,1,test
313,1,test
492,3,test
2229,2,test
2878,2,test
617,3,test
788,1,test
1008,4,test
3437,2,test
4086,2,test
3824,2,test
830,3,test
2958,3,test
697,4,test
1863,2,test
4037,2,test
3641,2,test
131,1,test
2646,2,test
2384,2,test
3770,3,test
3904,3,test
39,3,test
2775,3,test
210,1,test
1559,4,test
3813,1,test
860,3,test
3637,4,test
168,4,test
2201,2,test
1206,2,test
1984,4,test
2809,1,test
252,3,test
1855,2,test
3163,4,test
2330,3,test
2767,4,test
1376,4,test
1073,3,test
2676,2,test
548,1,test
3325,2,test
3459,2,test
465,3,test
3376,4,test
1806,2,test
840,2,test
1370,2,test
20,3,test
1623,2,test
1406,4,test
3405,3,test
1103,3,test
3052,1,test
233,3,test
2748,4,test
841,2,test
3177,1,test
3659,4,test
3793,4,test
1491,4,test
100,4,test
1441,3,test
1999,1,test
575,4,test
313,4,test
3956,3,test
1654,3,test
2565,3,test
2262,2,test
2303,3,test
3865,1,test
1387,4,test
51,3,test
3124,3,test
3287,2,test
1159,1,test
942,3,test
3633,1,test
1076,3,test
2891,1,test
3025,1,test
3803,3,test
1205,4,test
3500,2,test
1938,4,test
547,4,test
1155,3,test
1592,4,test
3450,1,test
3329,3,test
977,2,test
2759,3,test
2101,3,test
3838,2,test
1240,3,test
548,4,test
2406,1,test
1755,3,test
1452,2,test
3571,3,test
1665,2,test
2872,1,test
53,3,test
2964,4,test
1835,4,test
399,2,test
2477,2,test
1785,3,test
316,4,test
2914,3,test
745,1,test
3918,2,test
528,3,test
2740,3,test
3177,4,test
874,2,test
1390,4,test
